CUST,PRNCPL,SLSMN
S09241,F03,R36
S08943,F03,Z14
S08665,F03,R36
S01091,F03,R23
S09900,F03,R23
S01750,F03,Z14
S02543,F03,R29
S09483,F03,R24
S06925,F03,Z14
S00233,F03,R23
S04889,F03,R40
S09572,F03,R40
S11167,F03,R40
S00717,F03,Z14
S00449,F03,R24
S02907,F03,R23
S11262,F03,R36
S07491,F03,R23
S04458,F03,R36
S11037,F03,Z14
S00860,F03,Z14
S00865,F03,Z14
S08558,F03,R23
S10102,F03,R36
S10630,F03,R24
S10720,F03,R24
S04595,F03,R23
S02658,F03,R29
S10297,F03,Z14
S09356,F03,R40
S09133,F03,R24
S11303,F03,R40
S10279,F03,R24
S00614,F03,Z14
S10058,F03,R24
S07919,F03,R36
S10171,F03,R40
S10359,F03,R40
S11566,F03,R36
S10839,F03,R24
S11404,F03,Z14
S09265,F03,R36
S10378,F03,R40
S01340,F03,R40
S01466,F03,Z14
S10318,F03,Z14
S09138,F03,R24
S07070,F03,R24
S08768,F03,R23
S02475,F03,R23
S10126,F03,R24
S10044,F03,R24
S06912,F03,R24
S11273,F03,R40
S11122,F03,R24
S11349,F03,R40
S12026,F03,R29
S07683,F03,R23
S07658,F03,R24
S10523,F03,Z14
S11840,F03,R36
S11611,F03,R24
S01365,F03,R40
S11055,F03,R40
S07714,F03,Z14
S03921,F03,R40
S11153,F03,Z14
S07481,F03,R23
S02556,F03,R24
S08550,F03,Z14
S06999,F03,R36
S01318,F03,R24
S03811,F03,R40
S10606,F03,R23
S07935,F03,R24
S02492,F03,R24
S11111,F03,R36
S10176,F03,R24
S10327,F03,Z14
S01026,F03,R23
S11427,F03,R40
S00735,F03,Z14
S01372,F03,R40
S01496,F03,R40
S10308,F03,R36
S10848,F03,R36
S04470,F03,R24
S04491,F03,R23
S11130,F03,R24
S09550,F03,R23
S05415,F03,R36
S10793,F03,R40
S06908,F03,Z14
S09715,F03,R40
S04939,F03,R24
S00897,F03,R29
S11367,F03,R24
S06948,F03,R36
S09824,F03,Z14
S07425,F03,R40
S01134,F03,R24
S06543,F03,Z14
S09490,F03,R23
S06884,F03,R36
S11108,F03,R24
S00884,F03,R29
S09569,F03,R36
S12012,F03,Z14
S01187,F03,R24
S11126,F03,R24
S09368,F03,R40
S06224,F03,Z14
S09724,F03,R23
S05548,F03,R36
S11109,F03,R23
S07192,F03,R29
S06569,F03,R23
S10198,F03,R29
S01367,F03,R40
S00460,F03,R23
S06071,F03,R36
S07544,F03,R40
S02172,F03,R24
S10382,F03,R29
S08378,F03,R23
S11338,F03,Z14
S00922,F03,R29
S11326,F03,R36
S11729,F03,Z14
S10078,F03,R36
S09665,F03,R24
S06529,F03,R24
S11248,F03,R36
S10107,F03,R40
S02476,F03,Z14
S10906,F03,R24
S02225,F03,R24
S11885,F03,R24
S08773,F03,R40
S06825,F03,R40
S10628,F03,R24
S09796,F03,R23
S10815,F03,R23
S08431,F03,R24
S10766,F03,R36
S01740,F03,R36
S11120,F03,R29
S07711,F03,R23
S07421,F03,Z14
S11408,F03,R40
S07028,F03,R24
S10172,F03,R40
S01180,F03,R24
S07260,F03,R36
S11295,F03,R24
S10681,F03,R40
S07879,F03,R24
S09064,F03,R40
S11321,F03,R40
S10469,F03,R24
S08670,F03,R29
S11016,F03,R24
S00905,F03,R29
S10792,F03,R24
S10589,F03,R36
S03950,F03,R40
S09307,F03,R40
S08958,F03,R36
S09719,F03,R40
S07273,F03,R24
S10636,F03,R24
S10666,F03,R40
S07831,F03,R24
S10391,F03,R23
S09141,F03,R24
S01376,F03,R23
S08660,F03,R36
S11876,F03,R36
S11317,F03,R23
S10797,F03,R29
S10625,F03,Z14
S01310,F03,R40
S00381,F03,Z14
S04017,F03,Z14
S01550,F03,R23
S11623,F03,R40
S07464,F03,R29
S07259,F03,R36
S07150,F03,Z14
S07174,F03,R23
S01588,F03,Z14
S01592,F03,R36
S10196,F03,R40
S02233,F03,R29
S11335,F03,R40
S10203,F03,R36
S10292,F03,R24
S02153,F03,Z14
S07420,F03,Z14
S08882,F03,R40
S10445,F03,R29
S10471,F03,R23
S04647,F03,R40
S01309,F03,R40
S01508,F03,R23
S10489,F03,R36
S06404,F03,R40
S01358,F03,R40
S06572,F03,R36
S11065,F03,R23
S09362,F03,R40
S07555,F03,R36
S09718,F03,Z14
S11042,F03,Z14
S11128,F03,R29
S11586,F03,R36
S10486,F03,R29
S01477,F03,R23
S00723,F03,Z14
S06131,F03,R29
S06622,F03,R29
S10333,F03,R24
S02546,F03,R24
S09894,F03,Z14
S09357,F03,R29
S08941,F03,Z14
S10701,F03,R36
S06462,F03,R29
S04625,F03,R40
S08915,F03,R29
S09214,F03,R40
S03991,F03,R23
S10560,F03,R40
S11209,F03,R36
S02761,F03,R24
S05990,F03,R23
S02712,F03,R36
S02255,F03,R40
S11146,F03,Z14
S00968,F03,R29
S03599,F03,Z14
S09532,F03,Z14
S03664,F03,R29
S08155,F03,R29
S11175,F03,R23
S10394,F03,Z14
S01347,F03,R40
S04459,F03,R24
S10341,F03,R24
S11323,F03,R24
S11180,F03,R29
S10664,F03,R36
S11659,F03,R23
S11275,F03,R23
S07285,F03,R36
S01189,F03,R24
S11076,F03,R29
S07152,F03,R24
S06442,F03,R40
S10434,F03,R40
S11049,F03,R29
S11298,F03,R29
S04793,F03,R40
S06857,F03,R24
S09348,F03,R24
S06608,F03,R29
S11234,F03,R36
S12044,F03,R24
S05437,F03,R29
S09505,F03,R40
S01210,F03,R24
S06098,F03,R29
S08985,F03,R40
S11066,F03,Z14
S01013,F03,R23
S10175,F03,R40
S00256,F03,R36
S05445,F03,R23
S08352,F03,R23
S10761,F03,R24
S01701,F03,R36
S07795,F03,R23
S07295,F03,R29
S11510,F03,R23
S10459,F03,R40
S01454,F03,R36
S05858,F03,R36
S11277,F03,R24
S01254,F03,R24
S11458,F03,R24
S03045,F03,R23
S03626,F03,R23
S10389,F03,Z14
S09602,F03,R36
S04061,F03,R24
S11115,F03,R36
S06968,F03,R40
S00209,F03,R23
S10592,F03,R40
S00948,F03,R29
S11892,F03,R36
S11412,F03,R36
S00951,F03,R29
S08996,F03,R36
S10154,F03,R24
S11038,F03,Z14
S07208,F03,R40
S06883,F03,R29
S01383,F03,R36
S10948,F03,R29
S10291,F03,R36
S02517,F03,Z14
S11200,F03,R40
S10721,F03,R24
S09033,F03,R40
S02987,F03,Z14
S10828,F03,R24
S04117,F03,R36
S02589,F03,R24
S10334,F03,R24
S07821,F03,R36
S11451,F03,R24
S11012,F03,R24
S11673,F03,R40
S10458,F03,R23
S07592,F03,R36
S10835,F03,R29
S05553,F03,R36
S11206,F03,R29
S06298,F03,R23
S00320,F03,Z14
S02713,F03,R29
S09700,F03,R24
S00727,F03,Z14
S02865,F03,R23
S03702,F03,R40
S02802,F03,Z14
S11116,F03,R36
S11088,F03,R29
S10444,F03,R24
S00752,F03,Z14
S02413,F03,R36
S10407,F03,R24
S09549,F03,R23
S07072,F03,R29
S09843,F03,Z14
S01197,F03,R24
S09500,F03,R29
S10985,F03,R23
S08159,F03,R29
S10997,F03,R36
S03076,F03,R24
S09962,F03,R24
S05641,F03,Z14
S08183,F03,R29
S01806,F03,R36
S07368,F03,Z14
S07123,F03,Z14
S11150,F03,R24
S07144,F03,R23
S01408,F03,R23
S05285,F03,R36
S08901,F03,R40
S03658,F03,R40
S00718,F03,Z14
S01136,F03,R24
S03017,F03,R29
S09577,F03,R36
S10234,F03,R23
S10710,F03,R40
S06444,F03,R24
S08049,F03,R23
S07115,F03,R36
S10665,F03,R40
S06175,F03,R24
S10528,F03,R29
S11453,F03,Z14
S04727,F03,R24
S02519,F03,R40
S06891,F03,R40
S11293,F03,R40
S06017,F03,R36
S03096,F03,R23
S10933,F03,R23
S10485,F03,Z14
S11381,F03,R23
S04050,F03,Z14
S11341,F03,R23
S11873,F03,R24
S07815,F03,R24
S10785,F03,R24
S07951,F03,R36
S05927,F03,Z14
S11073,F03,Z14
S06547,F03,R36
S07814,F03,Z14
S09063,F03,R29
S05257,F03,R24
S07133,F03,R24
S08013,F03,R29
S10409,F03,R29
S10002,F03,R36
S07101,F03,R36
S05422,F03,R36
S00936,F03,R29
S09338,F03,R36
S10039,F03,R29
S09635,F03,R40
S04507,F03,R36
S11699,F03,R29
S10195,F03,R36
S11950,F03,Z14
S10099,F03,R23
S09363,F03,R40
S01976,F03,R29
S10498,F03,R23
S00301,F03,R24
S11382,F03,R23
S07965,F03,R24
S06616,F03,R23
S00944,F03,R29
S11315,F03,Z14
S09981,F03,R29
S09965,F03,R36
S09736,F03,R29
S11228,F03,Z14
S09926,F03,R36
S11148,F03,Z14
S01277,F03,R40
S11118,F03,R40
S09735,F03,R40
S06273,F03,Z14
S10411,F03,R24
S10053,F03,R40
S00924,F03,Z14
S06653,F03,R23
S07015,F03,R36
S11362,F03,R24
S06663,F03,R40
S11430,F03,R23
S01725,F03,R40
S09551,F03,R40
S11585,F03,R24
S10529,F03,Z14
S10178,F03,R40
S10160,F03,R36
S10768,F03,R29
S08674,F03,Z14
S04224,F03,R29
S06387,F03,R40
S09322,F03,R40
S01763,F03,R23
S10875,F03,R23
S03778,F03,R36
S01354,F03,R40
S09786,F03,R40
S02159,F03,R29
S10045,F03,R23
S10663,F03,R36
S10709,F03,R23
S09812,F03,R23
S08532,F03,R24
S04716,F03,Z14
S09568,F03,R24
S02892,F03,R29
S11798,F03,R24
S11368,F03,R40
S10760,F03,R40
S05404,F03,R24
S01609,F03,R36
S07140,F03,R36
S10197,F03,Z14
S06536,F03,R29
S02302,F03,R24
S07925,F03,R29
S10780,F03,R40
S10593,F03,R36
S01077,F03,R23
S11910,F03,R40
S03798,F03,R40
S00410,F03,R23
S11281,F03,R23
S11517,F03,R29
S09508,F03,Z14
S10813,F03,R24
S11272,F03,R40
S11285,F03,R36
S10873,F03,R23
S09785,F03,R40
S07863,F03,Z14
S10174,F03,R40
S10981,F03,R29
S11373,F03,R29
S06565,F03,R36
S11744,F03,R24
S09780,F03,R40
S09484,F03,Z14
S10829,F03,R36
S07413,F03,R23
S11078,F03,R29
S06660,F03,R24
S10806,F03,R36
S03797,F03,R40
S09537,F03,Z14
S07032,F03,R40
S09533,F03,Z14
S07543,F03,R23
S10603,F03,R36
S02282,F03,R23
S10891,F03,R24
S09945,F03,R24
S11067,F03,Z14
S02394,F03,Z14
S10763,F03,R36
S09917,F03,R29
S10494,F03,R36
S09552,F03,R40
S08004,F03,R29
S09337,F03,R40
S10686,F03,R36
S01681,F03,R23
S10487,F03,R36
S02704,F03,Z14
S09936,F03,R36
S01076,F03,R23
S11017,F03,R24
S10510,F03,R36
S10395,F03,R23
S11203,F03,R36
S08716,F03,R36
S07588,F03,R24
S10406,F03,R29
S11011,F03,R24
S11364,F03,Z14
S06303,F03,R23
S01760,F03,Z14
S11525,F03,R36
S07230,F03,R23
S10641,F03,R40
S09895,F03,R23
S08731,F03,R23
S10705,F03,R24
S06963,F03,Z14
S01546,F03,R24
S08968,F03,R29
S02985,F03,Z14
S10631,F03,R29
S10870,F03,R23
S01428,F03,R36
S11330,F03,R36
S05733,F03,R36
S05628,F03,Z14
S11246,F03,Z14
S10000,F03,R24
S10956,F03,R29
S10699,F03,R36
S10651,F03,Z14
S03324,F03,R40
S01228,F03,R24
S10999,F03,Z14
S09864,F03,R36
S08633,F03,R23
S08827,F03,R24
S07120,F03,R24
S09557,F03,R24
S00780,F03,R40
S11694,F03,R29
S10961,F03,R29
S00641,F03,Z14
S11300,F03,R40
S10994,F03,R40
S11269,F03,R40
S02231,F03,R29
S10880,F03,R23
S08645,F03,R36
S10530,F03,R23
S11139,F03,Z14
S04871,F03,R29
S00954,F03,R29
S11590,F03,R40
S10739,F03,R24
S11240,F03,R40
S01315,F03,R24
S07995,F03,R40
S06294,F03,Z14
S11327,F03,R36
S07918,F03,R36
S10718,F03,R36
S02857,F03,Z14
S11005,F03,Z14
S09137,F03,R24
S11832,F03,R40
S03715,F03,R40
S10009,F03,R36
S10975,F03,R36
S10938,F03,R40
S11970,F03,R23
S09978,F03,R23
S11274,F03,R29
S03719,F03,R40
S10954,F03,R29
S11760,F03,R36
S07477,F03,Z14
S11004,F03,Z14
S02471,F03,R29
S01697,F03,R29
S02313,F03,R29
S00522,F03,R40
S00925,F03,R29
S01266,F03,R40
S10046,F03,R23
S10672,F03,R36
S10403,F03,Z14
S06624,F03,R23
S11296,F03,R40
S09758,F03,Z14
S09966,F03,R36
S00754,F03,Z14
S07662,F03,R24
S00908,F03,R29
S09757,F03,R36
S06907,F03,R36
S10275,F03,R24
S00895,F03,R23
S05547,F03,R23
S06562,F03,R40
S11008,F03,Z14
S11092,F03,R24
S07469,F03,R23
S08892,F03,R29
S11229,F03,R24
S07247,F03,R24
S10969,F03,R36
S09982,F03,R36
S07971,F03,R40
S11331,F03,R23
S06816,F03,R24
S07915,F03,R40
S09707,F03,R23
S11174,F03,Z14
S09844,F03,Z14
S00793,F03,Z14
S04249,F03,R29
S08158,F03,R29
S11208,F03,R40
S10986,F03,R36
S11336,F03,Z14
S10426,F03,R23
S11080,F03,R24
S11901,F03,R23
S11271,F03,R40
S02722,F03,Z14
S10943,F03,R40
S11524,F03,R36
S10520,F03,Z14
S07221,F03,R40
S07475,F03,Z14
S07309,F03,R36
S03677,F03,R36
S11379,F03,R40
S09499,F03,R36
S01472,F03,Z14
S11000,F03,Z14
S07010,F03,R36
S11015,F03,R24
S11013,F03,R24
S10887,F03,R24
S11350,F03,R40
S11170,F03,R36
S09739,F03,R23
S11348,F03,R29
S07784,F03,R40
S11299,F03,R23
S10654,F03,R23
S07590,F03,R23
S11365,F03,R24
S11007,F03,Z14
S08730,F03,R40
S10092,F03,R23
S03144,F03,R40
S07141,F03,R23
S09717,F03,R40
S10762,F03,R36
S10716,F03,R36
S10503,F03,Z14
S11353,F03,R40
S02289,F03,R29
S11009,F03,Z14
S11668,F03,R24
S09044,F03,R24
S09145,F03,R36
S10661,F03,R40
S11319,F03,R40
S09822,F03,R40
S10022,F03,R23
S07347,F03,R40
S11035,F03,Z14
S02319,F03,R24
S10368,F03,R36
S11230,F03,R40
S11531,F03,R24
S10674,F03,R24
S11022,F03,R40
S11257,F03,R40
S06876,F03,R24
S04473,F03,R36
S11006,F03,Z14
S02185,F03,Z14
S11435,F03,R36
S10879,F03,R23
S10084,F03,R29
S10309,F03,R24
S11286,F03,R23
S10814,F03,R36
S10775,F03,R23
S09062,F03,R40
S04531,F03,Z14
S08997,F03,R36
S07472,F03,R40
S11386,F03,R40
S02723,F03,R36
S08695,F03,Z14
S10480,F03,R24
S11328,F03,R36
S00969,F03,R29
S01589,F03,R23
S10355,F03,R40
S04713,F03,R36
S10618,F03,R29
S09658,F03,R23
S05842,F03,R36
S09255,F03,Z14
S03691,F03,R40
S00453,F03,Z14
S10700,F03,R36
S10867,F03,R40
S10189,F03,R23
S04144,F03,R29
S06652,F03,R23
S11747,F03,R29
S10798,F03,Z14
S02210,F03,R29
S10635,F03,R24
S01142,F03,R24
S00636,F03,Z14
S02230,F03,R36
S06794,F03,R29
S02426,F03,R40
S10949,F03,R29
S11523,F03,R24
S07343,F03,R40
S10598,F03,R24
S11211,F03,R24
S07113,F03,R29
S01224,F03,R24
S10013,F03,R36
S11387,F03,R40
S10288,F03,R36
S10689,F03,R36
S11371,F03,R40
S11284,F03,R24
S10847,F03,R36
S01827,F03,R23
S08891,F03,R29
S10844,F03,R36
S09462,F03,Z14
S09704,F03,R29
S06856,F03,R24
S02613,F03,R29
S10734,F03,R24
S01225,F03,R24
S10173,F03,Z14
S11665,F03,R36
S10633,F03,R36
S09353,F03,R36
S10952,F03,R29
S07558,F03,R24
S09696,F03,R36
S03004,F03,R40
S07173,F03,R36
S11124,F03,Z14
S00587,F03,R40
S11683,F03,R24
S10360,F03,R24
S03708,F03,Z14
S07322,F03,R29
S11434,F03,R36
S09067,F03,Z14
S03098,F03,R29
S11357,F03,R24
S09191,F03,R23
S03069,F03,R24
S10519,F03,Z14
S10418,F03,R24
S10595,F03,R23
S11263,F03,R36
S10918,F03,R23
S09629,F03,Z14
S06552,F03,R23
S11052,F03,R36
S10071,F03,R40
S03403,F03,R29
S11666,F03,R24
S11897,F03,R23
S11949,F03,R24
S04205,F03,Z14
S10951,F03,R29
S04447,F03,R29
S11943,F03,R36
S10278,F03,R29
S01141,F03,R24
S02927,F03,Z14
S09354,F03,Z14
S12041,F03,R23
S11979,F03,Z14
S10127,F03,R29
S01005,F03,R23
S01958,F03,R40
S10010,F03,R36
S01374,F03,R36
S07099,F03,R24
S10266,F03,R36
S10989,F03,R40
S08907,F03,R40
S02404,F03,R23
S11233,F03,Z14
S10826,F03,R24
S08092,F03,R24
S10230,F03,R40
S11420,F03,R23
S07372,F03,R29
S03591,F03,R24
S01173,F03,R24
S10017,F03,R36
S00338,F03,R36
S11385,F03,R40
S04446,F03,R24
S11132,F03,R40
S11145,F03,Z14
S10894,F03,R24
S10893,F03,R24
S01229,F03,R24
S10325,F03,Z14
S02150,F03,R24
S01832,F03,R23
S04602,F03,R24
S11378,F03,R24
S07404,F03,R40
S03032,F03,R29
S05998,F03,R24
S11171,F03,R36
S09591,F03,R36
S11236,F03,Z14
S03670,F03,R29
S11532,F03,R23
S09008,F03,R40
S10688,F03,R36
S11839,F03,R36
S11084,F03,R36
S02395,F03,R24
S10877,F03,R29
S10377,F03,R24
S09811,F03,R23
S12027,F03,R36
S11363,F03,R24
S07185,F03,R29
S11083,F03,R36
S11471,F03,R24
S11332,F03,R23
S03194,F03,R40
S11019,F03,Z14
S02467,F03,R24
S11405,F03,R40
S06459,F03,R36
S09998,F03,R24
S00510,F03,R40
S01043,F03,R23
S07317,F03,R29
S04506,F03,R36
S10014,F03,R36
S11835,F03,R29
S09777,F03,Z14
S10137,F03,R29
S09952,F03,R24
S09888,F03,R23
S09763,F03,R36
S09600,F03,R36
S11189,F03,R29
S10596,F03,R24
S11955,F03,R40
S11201,F03,R40
S08671,F03,R29
S01542,F03,R24
S03146,F03,R23
S09705,F03,R36
S01462,F03,R24
S09903,F03,R36
S11415,F03,R29
S11187,F03,Z14
S06647,F03,Z14
S06996,F03,R36
S11742,F03,R40
S02502,F03,R40
S07275,F03,R23
S09708,F03,R23
S11595,F03,R29
S09849,F03,R24
S01927,F03,Z14
S11836,F03,R23
S01504,F03,R23
S11036,F03,Z14
S09814,F03,R29
S11426,F03,R24
S11940,F03,Z14
S07029,F03,R36
S11110,F03,R23
S10414,F03,Z14
S01249,F03,R24
S11244,F03,R24
S10895,F03,R24
S10579,F03,R40
S11249,F03,R29
S03124,F03,R29
S10916,F03,R23
S08649,F03,R29
S09766,F03,R36
S10811,F03,R29
S12126,F03,R40
S12128,F03,R40
S00382,F03,Z14
S07463,F03,Z14
S06564,F03,R36
S10683,F03,R40
S11290,F03,R24
S10140,F03,R24
S11629,F03,Z14
S09534,F03,R36
S09795,F03,R23
S10939,F03,R40
S09258,F03,R36
S10964,F03,R36
S08425,F03,Z14
S11773,F03,R40
S10845,F03,R36
S10326,F03,R23
S11565,F03,Z14
S11270,F03,R40
S07923,F03,R24
S10923,F03,R40
S10843,F03,R36
S02886,F03,R40
S10958,F03,R29
S11072,F03,R24
S09332,F03,R29
S07310,F03,R36
S07447,F03,R36
S07283,F03,R36
S11785,F03,R40
S11268,F03,R24
S05940,F03,R40
S10740,F03,R40
S07553,F03,R40
S10953,F03,R29
S05848,F03,R40
S02527,F03,R36
S08984,F03,R24
S00475,F03,R40
S09984,F03,R29
S07984,F03,Z14
S10632,F03,R29
S11606,F03,Z14
S06484,F03,R24
S06931,F03,R24
S03232,F03,R24
S06197,F03,R24
S05250,F03,R23
S10897,F03,R24
S09375,F03,R40
S06041,F03,R40
S09813,F03,R36
S09234,F03,Z14
S03365,F03,R24
S11192,F03,Z14
S10532,F03,R36
S11034,F03,Z14
S09999,F03,R23
S11589,F03,R40
S04037,F03,R40
S09313,F03,R29
S11020,F03,R40
S00999,F03,R23
S11958,F03,R29
S11846,F03,R24
S11600,F03,R24
S06939,F03,R24
S06954,F03,R40
S11649,F03,R24
S01396,F03,R36
S07586,F03,R24
S11864,F03,R29
S10914,F03,Z14
S11232,F03,Z14
S11978,F03,Z14
S09566,F03,R36
S11283,F03,R24
S02922,F03,R40
S07004,F03,R24
S00960,F03,R29
S11648,F03,R24
S07676,F03,R36
S10944,F03,R40
S10465,F03,R36
S10758,F03,R36
S07882,F03,R36
S01153,F03,R24
S01285,F03,R40
S11765,F03,R36
S11392,F03,R36
S01684,F03,Z14
S05869,F03,R23
S11774,F03,R36
S09883,F03,R40
S12052,F03,R40
S09983,F03,R29
S02717,F03,R24
S01573,F03,Z14
S11891,F03,R36
S10962,F03,R36
S01331,F03,R40
S10917,F03,R23
S09406,F03,R40
S02076,F03,R23
S11140,F03,Z14
S08520,F03,R36
S11169,F03,Z14
S10047,F03,R23
S11138,F03,R24
S11306,F03,R23
S12102,F03,R23
S11895,F03,R24
S10646,F03,R23
S03084,F03,R29
S10987,F03,R24
S11775,F03,R36
S11366,F03,R23
S11147,F03,Z14
S11658,F03,R24
S08998,F03,R36
S10963,F03,R36
S01405,F03,R36
S09601,F03,R36
S02140,F03,R23
S10350,F03,R29
S07386,F03,R36
S11149,F03,Z14
S10481,F03,R24
S09852,F03,R36
S04607,F03,R36
S11509,F03,R29
S02774,F03,R24
S11340,F03,R36
S00799,F03,Z14
S11941,F03,R29
S10237,F03,R29
S11963,F03,R24
S10490,F03,R36
S11911,F03,R40
S11578,F03,R29
S11056,F03,R29
S10502,F03,R24
S07953,F03,R36
S11416,F03,R36
S10321,F03,R40
S11440,F03,R40
S10015,F03,R36
S09018,F03,R23
S05906,F03,R29
S03388,F03,R24
S10909,F03,R36
S06156,F03,R24
S07804,F03,R40
S11804,F03,R40
S10905,F03,R23
S10714,F03,Z14
S06473,F03,R36
S05334,F03,R23
S11033,F03,Z14
S04700,F03,R29
S02929,F03,R24
S12080,F03,R40
S10966,F03,R36
S11853,F03,R40
S11455,F03,R24
S11553,F03,R36
S06618,F03,R29
S10945,F03,R40
S05701,F03,R24
S11647,F03,R24
S11001,F03,Z14
S07400,F03,R40
S10679,F03,R36
S12136,F03,R40
S10818,F03,R36
S03281,F03,R40
S08821,F03,R24
S11588,F03,R40
S10919,F03,R23
S07467,F03,R40
S00945,F03,R29
S11953,F03,Z14
S03832,F03,R23
S10597,F03,R24
S02461,F03,Z14
S00257,F03,R36
S11966,F03,R36
S09020,F03,R40
S05931,F03,R23
S12023,F03,R40
S11787,F03,R36
S05974,F03,R40
S08928,F03,R23
S11679,F03,R36
S11442,F03,R24
S10983,F03,R23
S11388,F03,R40
S11841,F03,R23
S11250,F03,R40
S02393,F03,R24
S02948,F03,R24
S11247,F03,Z14
S08718,F03,R23
S11837,F03,R23
S01190,F03,R36
S11425,F03,Z14
S10864,F03,R36
S01132,F03,R23
S03333,F03,Z14
S10846,F03,R36
S02167,F03,R40
S00794,F03,Z14
S10920,F03,R23
S11400,F03,R23
S11700,F03,R36
S10121,F03,R40
S11746,F03,Z14
S01749,F03,Z14
S02530,F03,R36
S12119,F03,R24
S11599,F03,R24
S11204,F03,R29
S03089,F03,Z14
S09370,F03,R40
S10869,F03,R40
S10361,F03,R36
S11689,F03,R40
S04414,F03,R40
S09409,F03,Z14
S11803,F03,R24
S11508,F03,R29
S05634,F03,R36
S11522,F03,Z14
S07373,F03,R36
S09478,F03,R40
S08813,F03,R40
S05620,F03,R29
S02018,F03,R24
S11909,F03,R40
S11390,F03,R29
S11068,F03,R29
S01876,F03,Z14
S10594,F03,R23
S11101,F03,R36
S10901,F03,R24
S10464,F03,R36
S01786,F03,Z14
S08249,F03,R36
S06321,F03,R36
S09664,F03,R40
S00891,F03,R29
S11957,F03,R23
S10947,F03,R29
S11579,F03,R29
S09800,F03,R29
S11045,F03,R24
S11459,F03,R24
S07997,F03,Z14
S11995,F03,Z14
S02844,F03,R29
S10924,F03,R29
S05588,F03,R40
S11429,F03,R23
S09200,F03,R36
S05788,F03,R40
S10687,F03,R36
S10415,F03,R36
S11305,F03,R29
S10967,F03,R36
S04481,F03,R24
S05510,F03,R24
S11554,F03,R36
S10886,F03,R24
S10984,F03,R23
S05624,F03,R40
S10974,F03,R36
S01161,F03,R24
S08964,F03,Z14
S10925,F03,R29
S10834,F03,R29
S07402,F03,R29
S10950,F03,R29
S11684,F03,R24
S00898,F03,R29
S08467,F03,R36
S12029,F03,R23
S08122,F03,Z14
S11777,F03,R36
S01143,F03,R24
S10857,F03,R40
S10932,F03,R24
S11931,F03,R24
S10960,F03,R29
S07495,F03,R40
S10190,F03,R29
S11446,F03,R23
S03948,F03,R29
S10170,F03,R40
S11567,F03,R23
S11678,F03,R36
S11569,F03,R24
S12088,F03,R29
S06768,F03,R24
S10036,F03,R23
S04040,F03,R24
S07303,F03,Z14
S03896,F03,Z14
S09237,F03,R24
S02956,F03,R23
S07026,F03,R40
S08726,F03,R40
S11294,F03,R40
S10117,F03,R29
S07231,F03,R23
S09921,F03,R36
S11756,F03,Z14
S02622,F03,R24
S11969,F03,R23
S10874,F03,R23
S11141,F03,Z14
S11461,F03,R40
S11014,F03,R24
S10898,F03,R24
S00759,F03,Z14
S02338,F03,Z14
S04516,F03,R40
S10868,F03,R40
S08093,F03,Z14
S11396,F03,R40
S07661,F03,R40
S11763,F03,R24
S11329,F03,R36
S11998,F03,R23
S05013,F03,R40
S03151,F03,R36
S00613,F03,Z14
S02979,F03,R29
S10965,F03,R36
S11466,F03,R36
S11210,F03,R29
S12072,F03,R29
S00684,F03,Z14
S11695,F03,R29
S11778,F03,R29
S11002,F03,Z14
S02685,F03,R24
S06793,F03,R40
S10885,F03,R24
S10491,F03,R23
S11044,F03,R24
S06265,F03,R36
S01973,F03,R23
S02996,F03,R29
S11030,F03,R24
S05953,F03,R24
S12067,F03,Z14
S11772,F03,R40
S06559,F03,R24
S12084,F03,R40
S09911,F03,R40
S11144,F03,Z14
S11190,F03,R23
S10634,F03,Z14
S08521,F03,R36
S11087,F03,R29
S11776,F03,R36
S10935,F03,R40
S09079,F03,Z14
S12075,F03,R40
S02291,F03,R24
S09440,F03,R40
S10922,F03,R40
S09207,F03,R24
S10934,F03,R40
S06159,F03,Z14
S11788,F03,R36
S10398,F03,R23
S11587,F03,R23
S12137,F03,R29
S10468,F03,R24
S10998,F03,R36
S03079,F03,R29
S08618,F03,R40
S07473,F03,R36
S11143,F03,Z14
S11031,F03,R24
S01544,F03,Z14
S10637,F03,Z14
S08534,F03,R24
S10097,F03,R24
S11766,F03,R24
S11767,F03,R24
S11769,F03,R24
S11770,F03,R24
S11351,F03,R24
S11414,F03,R36
S11755,F03,R40
S10405,F03,R29
S08874,F03,R40
S11771,F03,R24
S11880,F03,R40
S01954,F03,Z14
S00720,F03,Z14
S09243,F03,R23
S12057,F03,R24
S08722,F03,R40
S11407,F03,R23
S11844,F03,R24
S11869,F03,Z14
S11890,F03,R36
S11443,F03,R40
S03875,F03,R29
S11860,F03,R36
S09476,F03,R40
S09723,F03,R36
S11779,F03,R29
S11780,F03,R29
S11781,F03,R29
S03173,F03,R23
S11359,F03,R24
S10979,F03,R36
S12118,F03,R36
S06831,F03,R40
S10995,F03,R40
S06655,F03,R29
S11576,F03,R40
S11997,F03,R36
S12000,F03,R40
S09355,F03,Z14
S10941,F03,R24
S12060,F03,R36
S11032,F03,R24
S10896,F03,R24
S11104,F03,R40
S10884,F03,R24
S01820,F03,Z14
S11023,F03,R40
S09828,F03,R36
S10992,F03,R40
S11342,F03,R40
S12101,F03,R23
S06455,F03,R29
S11944,F03,R24
S03922,F03,R40
S10991,F03,R40
S10993,F03,R40
S11677,F03,R29
S12046,F03,R36
S00658,F03,Z14
S10878,F03,R29
S11762,F03,R23
S05790,F03,R40
S02339,F03,R29
S12028,F03,R24
S10795,F03,R40
S10702,F03,R40
S11850,F03,R23
S11220,F03,R24
S11688,F03,R40
S11967,F03,R40
S11768,F03,R24
S11657,F03,R29
S01319,F03,R24
S11024,F03,R40
S11584,F03,R40
S12003,F03,R40
S12004,F03,R40
S12001,F03,R40
S12002,F03,R40
S12108,F03,R36
S07371,F03,R29
S10931,F03,R40
S12081,F03,R36
S11790,F03,R40
S05270,F03,R40
S11526,F03,R23
S03616,F03,R24
S11464,F03,R36
S01446,F03,R36
S10940,F03,R24
S10608,F03,R36
S11018,F03,R24
S06308,F03,R29
S11671,F03,R40
S10675,F03,R24
S11468,F03,R29
S08708,F03,Z14
S01901,F03,R40
S10866,F03,R36
S10942,F03,R24
S00445,F03,Z14
S03623,F03,R40
S05233,F03,Z14
S05294,F03,Z14
S09282,F03,R24
S09589,F03,R36
S11399,F03,R23
S07321,F03,R36
S05556,F03,R24
S01657,F03,R36
S09587,F03,R36
S10976,F03,R36
S10978,F03,R36
S11833,F03,R36
S05849,F03,R40
S07261,F03,R36
S10733,F03,R40
S11287,F03,R40
S11457,F03,R24
S11463,F03,R36
S11625,F03,Z14
S11626,F03,Z14
S11669,F03,R24
S11726,F03,R23
S11849,F03,R29
S11861,F03,R29
S11865,F03,R29
S11882,F03,R40
S12030,F03,Z14
S12032,F03,Z14
S12034,F03,Z14
S12035,F03,Z14
S12095,F03,R29
S12097,F03,Z14
S12099,F03,Z14
S12106,F03,Z14
S12113,F03,R24
S12114,F03,R24
S12115,F03,R24
S12121,F03,R24
S12122,F03,R24
S12123,F03,R24
S12085,F03,R36
S08779,F03,R40
S10899,F03,R24
S11996,F03,R40
S05796,F03,R24
S11646,F03,R24
S10500,F03,R23
S12042,F03,R23
S03094,F03,R29
S11369,F03,R24
S11786,F03,R24
S11580,F03,R40
S11674,F03,Z14
S11675,F03,Z14
S11682,F03,R24
S11693,F03,R24
S00907,F03,R29
S03542,F03,R36
S05105,F03,R40
S07225,F03,R40
S05006,F03,R23
S04933,F03,R40
S07750,F03,R36
S11334,F03,R40
S10314,F03,R23
S04020,F03,R23
S10424,F03,R23
S03839,F03,Z14
S08739,F03,R23
S11401,F03,R23
S06190,F03,R23
S04480,F03,R29
S02001,F03,R36
S09521,F03,Z14
S11103,F03,R29
S10003,F03,R23
S09809,F03,R29
S08769,F03,R29
S11352,F03,R29
S11161,F03,Z14
S10804,F03,R24
S10827,F03,R24
S01635,F03,R24
S11347,F03,R36
S09893,F03,R23
S10645,F03,R23
S10280,F03,R29
S09630,F03,R36
S08483,F03,R23
S06880,F03,R24
S11129,F03,R29
S07648,F03,R29
S05052,F03,Z14
S09203,F03,R23
S07489,F03,R29
S11394,F03,Z14
S00789,F03,Z14
S10422,F03,R29
S06980,F03,Z14
S08981,F03,R23
S08582,F03,R29
S08477,F03,R23
S10531,F03,R29
S04596,F03,R29
S10787,F03,R24
S09702,F03,R23
S06895,F03,R29
S04440,F03,Z14
S04512,F03,R23
S01538,F03,R24
S06762,F03,R23
S08348,F03,R23
S06920,F03,R29
S09343,F03,R23
S07966,F03,R23
S09162,F03,Z14
S08944,F03,R29
S04945,F03,R23
S05810,F03,R23
S03856,F03,R29
S05178,F03,R29
S08807,F03,R23
S09261,F03,Z14
S10157,F03,R29
S01516,F03,R23
S02009,F03,R24
S10911,F03,R36
S09887,F03,R23
S02515,F03,R23
S11320,F03,R40
S02005,F03,R36
S07428,F03,R29
S08951,F03,R24
S10601,F03,Z14
S09889,F03,R23
S04443,F03,R29
S03344,F03,R23
S01715,F03,R40
S08478,F03,R23
S10284,F03,R23
S09770,F03,R23
S11928,F03,R29
S08856,F03,R36
S08881,F03,R40
S05969,F03,R23
S10600,F03,Z14
S02341,F03,R36
S08898,F03,R36
S09139,F03,R29
S09940,F03,Z14
S10821,F03,Z14
S01526,F03,R40
S09479,F03,R23
S10289,F03,R29
S11462,F03,R23
S06601,F03,R36
S09038,F03,R23
S08515,F03,R23
S02023,F03,R23
S08823,F03,R29
S11905,F03,R40
S03654,F03,R40
S11395,F03,R23
S11410,F03,R29
S11113,F03,R23
S01673,F03,R29
S11112,F03,R36
S10106,F03,R29
S11724,F03,R29
S08699,F03,R23
S01620,F03,R23
S07562,F03,R29
S05312,F03,R40
S06796,F03,R23
S04430,F03,R23
S04496,F03,R40
S00617,F03,Z14
S10777,F03,R23
S01986,F03,R24
S03086,F03,R36
S01710,F03,Z14
S08481,F03,R23
S06613,F03,R23
S11433,F03,R23
S02772,F03,R23
S10825,F03,R23
S09885,F03,R40
S11064,F03,Z14
S11344,F03,R24
S10163,F03,R23
S11043,F03,R29
S08507,F03,Z14
S09925,F03,R40
S11544,F03,R23
S08975,F03,R24
S03971,F03,R36
S04946,F03,R40
S10165,F03,R23
S03907,F03,R36
S09929,F03,R29
S10604,F03,R29
S01995,F03,Z14
S08679,F03,R29
S11069,F03,R24
S09990,F03,R23
S10823,F03,R24
S11656,F03,R40
S02017,F03,R40
S07743,F03,R29
S02361,F03,R36
S09611,F03,R23
S06757,F03,R36
S03656,F03,R40
S03876,F03,R40
S02113,F03,R29
S12013,F03,R29
S09907,F03,R23
S09694,F03,R24
S10090,F03,R23
S03179,F03,R23
S09027,F03,Z14
S10559,F03,R23
S11419,F03,R24
S10192,F03,Z14
S10493,F03,R29
S10184,F03,Z14
S10841,F03,R24
S07483,F03,Z14
S09091,F03,R23
S10822,F03,R24
S06760,F03,R23
S05261,F03,R29
S09039,F03,R29
S10913,F03,R24
S11424,F03,R29
S03995,F03,R23
S01643,F03,R23
S11105,F03,R36
S11077,F03,Z14
S01517,F03,R29
S11741,F03,R29
S11655,F03,R40
S08511,F03,R23
S11222,F03,Z14
S02122,F03,R29
S11612,F03,R36
S09043,F03,R23
S11902,F03,R24
S10119,F03,R23
S10820,F03,Z14
S08583,F03,R23
S07143,F03,R23
S02083,F03,R24
S04739,F03,R24
S09160,F03,R23
S11223,F03,R29
S09188,F03,R23
S11279,F03,R23
S11608,F03,R29
S11225,F03,Z14
S11307,F03,Z14
S08033,F03,R24
S11254,F03,R29
S08517,F03,R29
S10462,F03,R40
S09912,F03,R23
S11431,F03,R24
S08666,F03,R23
S07036,F03,Z14
S08992,F03,Z14
S10439,F03,R23
S10207,F03,Z14
S10590,F03,R23
S08027,F03,Z14
S02014,F03,R23
S11758,F03,R24
S01965,F03,R29
S10150,F03,R23
S11445,F03,R29
S09971,F03,Z14
S08902,F03,R29
S10744,F03,R23
S10179,F03,R23
S11793,F03,R24
S08719,F03,R29
S11133,F03,R23
S10524,F03,Z14
S11877,F03,R24
S11226,F03,R29
S09931,F03,Z14
S07253,F03,R40
S03653,F03,R36
S11264,F03,R23
S11802,F03,Z14
S08516,F03,R29
S11276,F03,Z14
S02087,F03,R29
S09148,F03,Z14
S10912,F03,Z14
S08814,F03,R23
S10443,F03,Z14
S11527,F03,Z14
S08646,F03,R23
S10810,F03,R29
S11178,F03,Z14
S11452,F03,R23
S11339,F03,R36
S02007,F03,R23
S11961,F03,R23
S08044,F03,Z14
S10849,F03,Z14
S09626,F03,R24
S11313,F03,R23
S11962,F03,Z14
S11114,F03,R40
S10499,F03,Z14
S10166,F03,R23
S09302,F03,R23
S02008,F03,Z14
S11799,F03,R23
S09471,F03,R29
S11932,F03,R24
S08561,F03,R23
S11701,F03,R23
S03655,F03,R23
S10781,F03,R36
S07791,F03,R40
S10164,F03,R29
S11070,F03,R23
S09183,F03,R29
S09860,F03,Z14
S10670,F03,R29
S07920,F03,Z14
S05034,F03,R40
S09661,F03,R23
S10349,F03,R24
S11602,F03,R23
S11603,F03,R23
S11624,F03,Z14
S11687,F03,R36
S11702,F03,Z14
S11709,F03,R40
S11710,F03,R40
S11712,F03,R40
S11714,F03,R40
S11716,F03,Z14
S11718,F03,Z14
S11722,F03,R29
S11731,F03,R40
S11732,F03,R40
S11733,F03,R40
S11734,F03,R40
S11735,F03,Z14
S11736,F03,R23
S11737,F03,Z14
S11738,F03,Z14
S11739,F03,Z14
S11740,F03,Z14
S11757,F03,R40
S11784,F03,Z14
S12065,F03,Z14
S12074,F03,Z14
S12059,F03,R23
S11789,F03,R23
S12051,F03,Z14
S12120,F03,Z14
S12196,F03,R24
S12040,F03,R29
S12111,F03,R29
S12197,F03,R29
S12090,F03,R36
S12116,F03,R36
S12117,F03,R36
S12143,F03,R36
S01553,F03,R40
S11720,F03,R40
S11797,F03,R40
S12109,F03,R40
S12127,F03,R40
S12129,F03,R40
S12062,F03,Z14
S12047,F03,R23
S12107,F03,Z14
S12094,F03,R23
S12110,F03,Z14
S12131,F03,Z14
S12158,F03,Z14
S11730,F03,Z14
S11759,F03,R24
S11708,F03,R23
S11706,F03,R23
S11705,F03,R23
S11704,F03,R23
S11707,F03,R23
S11719,F03,R23
S11717,F03,Z14
S11697,F03,Z14
S11721,F03,R23
S11754,F03,Z14
S11715,F03,Z14
S11723,F03,Z14
S11703,F03,Z14
S11725,F03,Z14
S11713,F03,R40
S11711,F03,R40
S12092,F03,R24
S12142,F03,Z14
S12159,F03,Z14
S12255,F03,R36
S12238,F03,R36
S12239,F03,R36
S12236,F03,R23
S12163,F03,R24
S12495,F03,R23
S12496,F03,Z14
S12293,F03,Z14
S12500,F03,R36
S12501,F03,R36
S12536,F03,R36
S12537,F03,R36
S12538,F03,R36
S12539,F03,R36
S12540,F03,R36
S12541,F03,R36
N07539,F03,R97
N07445,F03,R97
N07410,F03,R97
N07034,F03,R97
N06930,F03,R97
N06929,F03,R97
N06928,F03,R97
N06927,F03,R97
N06798,F03,R97
N06796,F03,R97
N06793,F03,R97
N06791,F03,R97
N06787,F03,R97
N06786,F03,R97
N06783,F03,R97
N06781,F03,R97
N06691,F03,R97
N06523,F03,R97
N06508,F03,R97
N06503,F03,R97
N06495,F03,R97
N06234,F03,R97
N05861,F03,R97
N04578,F03,R97
N04010,F03,R97
N02546,F03,R97
N02373,F03,R97
N01211,F03,R97
N00493,F03,R97
N00361,F03,R97
N07546,F03,R97
N07538,F03,R97
N07537,F03,R97
N07513,F03,R97
N07486,F03,R97
N07448,F03,R97
N07447,F03,R97
N07388,F03,R97
N07386,F03,R97
N07344,F03,R97
N07241,F03,R97
N07214,F03,R97
N07168,F03,R97
N07149,F03,R97
N07107,F03,R97
N07101,F03,R97
N07100,F03,R97
N07080,F03,R97
N07074,F03,R97
N07065,F03,R97
N07062,F03,R97
N07042,F03,R97
N07035,F03,R97
N07033,F03,R97
N07026,F03,R97
N07021,F03,R97
N06978,F03,R97
N06977,F03,R97
N06976,F03,R97
N06970,F03,R97
N06940,F03,R97
N06939,F03,R97
N06884,F03,R97
N06873,F03,R97
N06865,F03,R97
N06860,F03,R97
N06843,F03,R97
N06823,F03,R97
N06822,F03,R97
N06775,F03,R97
N06773,F03,R97
N06771,F03,R97
N06751,F03,R97
N06748,F03,R97
N06693,F03,R97
N06559,F03,R97
N06550,F03,R97
N06526,F03,R97
N06490,F03,R97
N06465,F03,R97
N06453,F03,R97
N06446,F03,R97
N06435,F03,R97
N06385,F03,R97
N06346,F03,R97
N06286,F03,R97
N06194,F03,R97
N06188,F03,R97
N06144,F03,R97
N06094,F03,R97
N06073,F03,R97
N06061,F03,R97
N05893,F03,R97
N05798,F03,R97
N05711,F03,R97
N05671,F03,R97
N05232,F03,R97
N05231,F03,R97
N05080,F03,R97
N05057,F03,R97
N04924,F03,R97
N04829,F03,R97
N04617,F03,R97
N04351,F03,R97
N04336,F03,R97
N04334,F03,R97
N04072,F03,R97
N04059,F03,R97
N04020,F03,R97
N03993,F03,R97
N03869,F03,R97
N03868,F03,R97
N03711,F03,R97
N03703,F03,R97
N03234,F03,R97
N03228,F03,R97
N03020,F03,R97
N02781,F03,R97
N02705,F03,R97
N02564,F03,R97
N00394,F03,R97
N00041,F03,R97
N07646,F03,R97
N07760,F03,R97
N07761,F03,R97
N07802,F03,R97
N07897,F03,R97
N07898,F03,R97
N07899,F03,R97
N07900,F03,R97
N07959,F03,R97
N08079,F03,R97
N08080,F03,R97
N08088,F03,R97
N08089,F03,R97
N08102,F03,R97
N04823,F03,R97
N06780,F03,R97
N08188,F03,R97
N08192,F03,R97
N08231,F03,R97
N08232,F03,R97
N08233,F03,R97
N08248 ,F03,R97
N07317,F03,RC5
N06600,F03,RC5
N06507,F03,RC5
N06461,F03,RC5
N06441,F03,RC5
N06271,F03,RC5
N06252,F03,RC5
N06086,F03,RC5
N06078,F03,RC5
N05964,F03,RC5
N05871,F03,RC5
N05866,F03,RC5
N05830,F03,RC5
N05827,F03,RC5
N05825,F03,RC5
N05824,F03,RC5
N05823,F03,RC5
N05822,F03,RC5
N05821,F03,RC5
N05820,F03,RC5
N05819,F03,RC5
N05818,F03,RC5
N07563,F03,RC5
N07544,F03,RC5
N07527,F03,RC5
N07526,F03,RC5
N07500,F03,RC5
N07483,F03,RC5
N07420,F03,RC5
N07414,F03,RC5
N07411,F03,RC5
N07312,F03,RC5
N07169,F03,RC5
N07151,F03,RC5
N07150,F03,RC5
N07082,F03,RC5
N07079,F03,RC5
N07075,F03,RC5
N07067,F03,RC5
N06998,F03,RC5
N06988,F03,RC5
N06987,F03,RC5
N06985,F03,RC5
N06983,F03,RC5
N06946,F03,RC5
N06852,F03,RC5
N06847,F03,RC5
N06806,F03,RC5
N06732,F03,RC5
N06704,F03,RC5
N06701,F03,RC5
N06670,F03,RC5
N06663,F03,RC5
N06662,F03,RC5
N06661,F03,RC5
N06660,F03,RC5
N06638,F03,RC5
N06635,F03,RC5
N06630,F03,RC5
N06623,F03,RC5
N06621,F03,RC5
N06614,F03,RC5
N06613,F03,RC5
N06569,F03,RC5
N06558,F03,RC5
N06469,F03,RC5
N06444,F03,RC5
N06427,F03,RC5
N06393,F03,RC5
N06292,F03,RC5
N06281,F03,RC5
N06239,F03,RC5
N06098,F03,RC5
N06097,F03,RC5
N06013,F03,RC5
N05939,F03,RC5
N05810,F03,RC5
N05766,F03,RC5
N05267,F03,RC5
N05205,F03,RC5
N05173,F03,RC5
N05164,F03,RC5
N05070,F03,RC5
N04040,F03,RC5
N03973,F03,RC5
N03911,F03,RC5
N03678,F03,RC5
N03669,F03,RC5
N03628,F03,RC5
N03467,F03,RC5
N03338,F03,RC5
N03094,F03,RC5
N02935,F03,RC5
N02803,F03,RC5
N02341,F03,RC5
N01203,F03,RC5
N01002,F03,RC5
N00990,F03,RC5
N00735,F03,RC5
N00659,F03,RC5
N00559,F03,RC5
N00468,F03,RC5
N00215,F03,RC5
N00148,F03,RC5
N07623,F03,RC5
N07625,F03,RC5
N07653,F03,RC5
N07654,F03,RC5
N07713,F03,RC5
N07790,F03,RC5
N07801,F03,RC5
N03877,F03,RC5
N07836,F03,RC5
N07850,F03,RC5
N07851,F03,RC5
N07936,F03,RC5
N07997,F03,RC5
N07998,F03,RC5
N08040,F03,RC5
N06626,F03,RC5
N08117,F03,RC5
N08118,F03,RC5
N08134,F03,RC5
N08158,F03,RC5
N08162,F03,RC5
N08339,F03,RC5
N08244,F03,RC5
N08245,F03,RC5
N07522,F03,Z11
N07503,F03,Z11
N07502,F03,Z11
N07281,F03,Z11
N07245,F03,Z11
N07191,F03,Z11
N07127,F03,Z11
N07118,F03,Z11
N07068,F03,Z11
N07064,F03,Z11
N07061,F03,Z11
N07036,F03,Z11
N06997,F03,Z11
N06995,F03,Z11
N06960,F03,Z11
N06958,F03,Z11
N06957,F03,Z11
N06922,F03,Z11
N06914,F03,Z11
N06908,F03,Z11
N06814,F03,Z11
N06813,F03,Z11
N06812,F03,Z11
N06811,F03,Z11
N06737,F03,Z11
N06724,F03,Z11
N06722,F03,Z11
N06720,F03,Z11
N06718,F03,Z11
N06717,F03,Z11
N06715,F03,Z11
N06673,F03,Z11
N06669,F03,Z11
N06667,F03,Z11
N06647,F03,Z11
N06646,F03,Z11
N06525,F03,Z11
N06519,F03,Z11
N06505,F03,Z11
N06494,F03,Z11
N06486,F03,Z11
N06458,F03,Z11
N06424,F03,Z11
N06402,F03,Z11
N06348,F03,Z11
N06238,F03,Z11
N06196,F03,Z11
N06165,F03,Z11
N05959,F03,Z11
N05949,F03,Z11
N05887,F03,Z11
N05864,F03,Z11
N05167,F03,Z11
N05126,F03,Z11
N05004,F03,Z11
N04055,F03,Z11
N03920,F03,Z11
N03901,F03,Z11
N03888,F03,Z11
N03210,F03,Z11
N03134,F03,Z11
N02930,F03,Z11
N02641,F03,Z11
N02395,F03,Z11
N01680,F03,Z11
N01249,F03,Z11
N00841,F03,Z11
N00750,F03,Z11
N00730,F03,Z11
N00578,F03,Z11
N07604,F03,Z11
N07549,F03,Z11
N07412,F03,Z11
N07348,F03,Z11
N07347,F03,Z11
N07346,F03,Z11
N07219,F03,Z11
N07152,F03,Z11
N07145,F03,Z11
N07060,F03,Z11
N06968,F03,Z11
N06967,F03,Z11
N06953,F03,Z11
N06909,F03,Z11
N06899,F03,Z11
N06898,F03,Z11
N06832,F03,Z11
N06829,F03,Z11
N06827,F03,Z11
N06742,F03,Z11
N06739,F03,Z11
N06738,F03,Z11
N06711,F03,Z11
N06396,F03,Z11
N06336,F03,Z11
N06298,F03,Z11
N06294,F03,Z11
N06266,F03,Z11
N06198,F03,Z11
N06186,F03,Z11
N06167,F03,Z11
N06075,F03,Z11
N06019,F03,Z11
N05953,F03,Z11
N05833,F03,Z11
N05132,F03,Z11
N05078,F03,Z11
N04799,F03,Z11
N04389,F03,Z11
N03681,F03,Z11
N03449,F03,Z11
N00606,F03,Z11
N07603,F03,Z11
N07519,F03,Z11
N07518,F03,Z11
N07499,F03,Z11
N07417,F03,Z11
N07162,F03,Z11
N07161,F03,Z11
N07160,F03,Z11
N07131,F03,Z11
N07071,F03,Z11
N07052,F03,Z11
N07044,F03,Z11
N07019,F03,Z11
N07018,F03,Z11
N07015,F03,Z11
N07011,F03,Z11
N07009,F03,Z11
N07007,F03,Z11
N07005,F03,Z11
N07003,F03,Z11
N07002,F03,Z11
N07001,F03,Z11
N06883,F03,Z11
N06880,F03,Z11
N06770,F03,Z11
N06769,F03,Z11
N06764,F03,Z11
N06763,F03,Z11
N06761,F03,Z11
N06696,F03,Z11
N06689,F03,Z11
N06686,F03,Z11
N06683,F03,Z11
N06682,F03,Z11
N06678,F03,Z11
N06676,F03,Z11
N06675,F03,Z11
N06587,F03,Z11
N06534,F03,Z11
N06380,F03,Z11
N06332,F03,Z11
N06082,F03,Z11
N05802,F03,Z11
N05775,F03,Z11
N05162,F03,Z11
N05093,F03,Z11
N04814,F03,Z11
N04803,F03,Z11
N04541,F03,Z11
N03935,F03,Z11
N03813,F03,Z11
N03684,F03,Z11
N02691,F03,Z11
N02657,F03,Z11
N02654,F03,Z11
N02473,F03,Z11
N00534,F03,Z11
N00529,F03,Z11
N00247,F03,Z11
N07607,F03,Z11
N07629,F03,Z11
N07641,F03,Z11
N07652,F03,Z11
N07667,F03,Z11
N07669,F03,Z11
N07670,F03,Z11
N07678,F03,Z11
N07683,F03,Z11
N07684,F03,Z11
N07685,F03,Z11
N07699,F03,Z11
N07860,F03,Z11
N07861,F03,Z11
N07862,F03,Z11
N07863,F03,Z11
N07864,F03,Z11
N07865,F03,Z11
N07866,F03,Z11
N07867,F03,Z11
N07868,F03,Z11
N07869,F03,Z11
N07870,F03,Z11
N07871,F03,Z11
N07883,F03,Z11
N07884,F03,Z11
N07885,F03,Z11
N07886,F03,Z11
N07887,F03,Z11
N07888,F03,Z11
N07889,F03,Z11
N07890,F03,Z11
N07891,F03,Z11
N07892,F03,Z11
N07893,F03,Z11
N07894,F03,Z11
N07895,F03,Z11
N07896,F03,Z11
N07902,F03,Z11
N07903,F03,Z11
N07904,F03,Z11
N07905,F03,Z11
N07906,F03,Z11
N07907,F03,Z11
N07908,F03,Z11
N07909,F03,Z11
N07910,F03,Z11
N07942,F03,Z11
N07945,F03,Z11
N07946,F03,Z11
N07947,F03,Z11
N07948,F03,Z11
N07949,F03,Z11
N07951,F03,Z11
N07952,F03,Z11
N07953,F03,Z11
N07954,F03,Z11
N07955,F03,Z11
N07956,F03,Z11
N07957,F03,Z11
N07958,F03,Z11
N07960,F03,Z11
N07961,F03,Z11
N07962,F03,Z11
N07963,F03,Z11
N07964,F03,Z11
N07965,F03,Z11
N07966,F03,Z11
N07967,F03,Z11
N07968,F03,Z11
N07969,F03,Z11
N07971,F03,Z11
N07972,F03,Z11
N07978,F03,Z11
N07989,F03,Z11
N08009,F03,Z11
N08010,F03,Z11
N08029,F03,Z11
N08041,F03,Z11
N08047,F03,Z11
N08051,F03,Z11
N08052,F03,Z11
N08053,F03,Z11
N08090,F03,Z11
N08164,F03,Z11
N08165,F03,Z11
N08166,F03,Z11
N08167,F03,Z11
N08246,F03,Z11
N06232,F03,Z11
N05907,F03,R97
N02920,F03,R97
N00268,F03,R97
N04255,F03,R97
N06285,F03,R97
N01166,F03,R97
N03152,F03,R97
N03153,F03,R97
N05010,F03,R97
N01926,F03,R97
N06141,F03,R97
N04740,F03,R97
N00059,F03,R97
N06735,F03,R97
N03143,F03,R97
N01928,F03,R97
N04236,F03,R97
N07174,F03,R97
N04191,F03,R97
N03405,F03,R97
N05983,F03,R97
N03604,F03,R97
N05922,F03,R97
N00547,F03,R97
N05114,F03,R97
N07336,F03,R97
N02724,F03,R97
N05966,F03,R97
N07069,F03,R97
N01175,F03,R97
N00325,F03,R97
N06404,F03,R97
N03438,F03,R97
N03034,F03,R97
N04391,F03,R97
N03687,F03,R97
N07117,F03,R97
N05794,F03,R97
N05869,F03,R97
N07109,F03,R97
N07710,F03,R97
N05723,F03,R97
N07766,F03,R97
N07770,F03,R97
N07775,F03,R97
N07778,F03,R97
N07792,F03,R97
N07793,F03,R97
N07794,F03,R97
N07797,F03,R97
N07816,F03,R97
N07829,F03,R97
N07988,F03,R97
N07993,F03,R97
N06629,F03,R97
N08008,F03,R97
N08035,F03,R97
N08036,F03,R97
N08037,F03,R97
N08078,F03,R97
N08091,F03,R97
N08097,F03,R97
N08353,F03,R97
N08250,F03,R97
N07837,F03,R97
N07762,F03,R97
N07777,F03,R97
N07796,F03,R97
N07800,F03,R97
N07830,F03,R97
N07832,F03,R97
N07839,F03,R97
N08185,F03,R97
N07940,F03,R97
N08005,F03,R97
N08006,F03,R97
N08059,F03,R97
N08060,F03,R97
N08087,F03,R97
N08135,F03,R97
N08136,F03,R97
N08154,F03,R97
N08157,F03,R97
N08159,F03,R97
N08189,F03,R97
N08190,F03,R97
N08203,F03,R97
N07744,F03,R97
N07764,F03,R97
N07765,F03,R97
N07767,F03,R97
N07769,F03,R97
N07828,F03,R97
N07872,F03,R97
N08002,F03,R97
N08004,F03,R97
N08058,F03,R97
N08086,F03,R97
N03036,F03,RC5
N02213,F03,RC5
N03137,F03,RC5
N03770,F03,RC5
N03174,F03,RC5
N03332,F03,RC5
N07938,F03,RC5
N00353,F03,RC5
N03353,F03,RC5
N00431,F03,RC5
N01144,F03,RC5
N05994,F03,RC5
N03297,F03,RC5
N02296,F03,RC5
N00381,F03,RC5
N02914,F03,RC5
N06734,F03,RC5
N06570,F03,RC5
N03027,F03,RC5
N03045,F03,RC5
N03692,F03,RC5
N01972,F03,RC5
N07326,F03,RC5
N07142,F03,RC5
N02377,F03,RC5
N07043,F03,RC5
N05957,F03,RC5
N01904,F03,RC5
N06419,F03,RC5
N00324,F03,RC5
N06524,F03,RC5
N06353,F03,RC5
N00434,F03,RC5
N04849,F03,RC5
N07175,F03,RC5
N06447,F03,RC5
N04158,F03,RC5
N07176,F03,RC5
N07143,F03,RC5
N00308,F03,RC5
N01907,F03,RC5
N07051,F03,RC5
N03331,F03,RC5
N06990,F03,RC5
N06100,F03,RC5
N02366,F03,RC5
N06092,F03,RC5
N06872,F03,RC5
N03138,F03,RC5
N03136,F03,RC5
N05870,F03,RC5
N07078,F03,RC5
N07311,F03,RC5
N07313,F03,RC5
N07121,F03,RC5
N07193,F03,RC5
N03429,F03,RC5
N06300,F03,RC5
N07645,F03,RC5
N07697,F03,RC5
N08187,F03,RC5
N07873,F03,RC5
N07874,F03,RC5
N07878,F03,RC5
N07879,F03,RC5
N07937,F03,RC5
N07939,F03,RC5
N07980,F03,RC5
N07981,F03,RC5
N07982,F03,RC5
N07983,F03,RC5
N07614,F03,RC5
N08007,F03,RC5
N08075,F03,RC5
N08082,F03,RC5
N08083,F03,RC5
N08084,F03,RC5
N08119,F03,RC5
N07510,F03,RC5
N08226,F03,RC5
N08227,F03,RC5
N08228,F03,RC5
N08342,F03,RC5
N08343,F03,RC5
N08344,F03,RC5
N08345,F03,RC5
N08347,F03,RC5
N08348,F03,RC5
N08349,F03,RC5
N08350,F03,RC5
N08351,F03,RC5
N08241,F03,RC5
N08242,F03,RC5
N08243,F03,RC5
N03108,F03,RC5
N01888,F03,RC5
N05758,F03,RC5
N06072,F03,Z11
N06470,F03,RC5
N03664,F03,RC5
N06096,F03,RC5
N07791,F03,Z11
N07987,F03,Z11
N08038,F03,Z11
N07838,F03,Z11
N07763,F03,Z11
N07776,F03,Z11
N07831,F03,Z11
N08186,F03,Z11
N08000,F03,Z11
N08001,F03,Z11
N08056,F03,Z11
N08061,F03,Z11
N08063,F03,Z11
N08112,F03,Z11
N08113,F03,Z11
N08155,F03,Z11
N08202,F03,Z11
N08204,F03,Z11
N06211,F03,Z11
N00122,F03,Z11
N02186,F03,Z11
N02869,F03,Z11
N07039,F03,Z11
N07077,F03,Z11
N03295,F03,Z11
N01247,F03,Z11
N05804,F03,Z11
N07224,F03,Z11
N06449,F03,Z11
N02029,F03,Z11
N06308,F03,Z11
N06931,F03,Z11
N05020,F03,Z11
N01927,F03,Z11
N07089,F03,Z11
N06017,F03,Z11
N06347,F03,Z11
N07358,F03,Z11
N06014,F03,Z11
N07091,F03,Z11
N06066,F03,Z11
N06553,F03,Z11
N07218,F03,Z11
N07141,F03,Z11
N04764,F03,Z11
N06533,F03,Z11
N07375,F03,Z11
N06573,F03,Z11
N07504,F03,Z11
N00825,F03,Z11
N04695,F03,Z11
N07095,F03,Z11
N05938,F03,Z11
N02401,F03,Z11
N06599,F03,Z11
N07154,F03,Z11
N00158,F03,Z11
N03220,F03,Z11
N07105,F03,Z11
N02915,F03,Z11
N00244,F03,Z11
N03400,F03,Z11
N01143,F03,Z11
N03293,F03,Z11
N03022,F03,Z11
N01959,F03,Z11
N06323,F03,Z11
N00025,F03,Z11
N07087,F03,Z11
N03109,F03,Z11
N03465,F03,Z11
N07301,F03,Z11
N05750,F03,Z11
N00417,F03,Z11
N03652,F03,Z11
N03752,F03,Z11
N00572,F03,Z11
N07356,F03,Z11
N07094,F03,Z11
N05106,F03,Z11
N06591,F03,Z11
N07173,F03,Z11
N07190,F03,Z11
N03944,F03,Z11
N07189,F03,Z11
N07419,F03,Z11
N07432,F03,Z11
N07520,F03,Z11
N07651,F03,Z11
N07698,F03,Z11
N07743,F03,Z11
N07768,F03,Z11
N07779,F03,Z11
N07795,F03,Z11
N07814,F03,Z11
N07815,F03,Z11
N07824,F03,Z11
N07825,F03,Z11
N07882,F03,Z11
N07911,F03,Z11
N07912,F03,Z11
N07973,F03,Z11
N07977,F03,Z11
N07986,F03,Z11
N07970,F03,Z11
N08003,F03,Z11
N08026,F03,Z11
N08039,F03,Z11
N08048,F03,Z11
N08050,F03,Z11
N04776,F03,Z11
N08054,F03,Z11
N08055,F03,Z11
N08057,F03,Z11
N08077,F03,Z11
N08096,F03,Z11
N08195,F03,Z11
N08230,F03,Z11
N08341,F03,Z11
N08239,F03,Z11
N08247,F03,Z11
S12566,F03,R29
S12567,F03,R23
S12568,F03,Z14
N08258,F03,R97
N08254,F03,Z11
N08251,F03,RC5
S08015,F03,R23
N07369,F03,Z11
S12578,F03,R23
S12581,F03,R23
N08277,F03,Z11
N08280,F03,R97
N08262,F03,R97
N08263,F03,R97
N08266,F03,R97
N08279,F03,R97
S12574,F03,Z14
N08286,F03,RC5
N08287,F03,RC5
N08290,F03,Z11
N08293,F03,RC5
N08294,F03,R97
N08296,F03,R97
N08282,F03,RC5
N08283,F03,RC5
S12575,F03,Z14
S12576,F03,R29
N08299,F03,R97
S12582,F03,R24
S12584,F03,R29
N08301,F03,Z11
N08302,F03,Z11
N08303,F03,Z11
N08304,F03,Z11
N08305,F03,Z11
N08306,F03,Z11
N08307,F03,Z11
N08312,F03,Z11
S12587,F03,R36
S12589,F03,R23
S12591,F03,R36
S12592,F03,R36
S12596,F03,R23
S12594,F03,R24
S12595,F03,R24
N08321,F03,R97
N08316,F03,Z11
N08317,F03,Z11
N08318,F03,Z11
N08319,F03,Z11
N08320,F03,Z11
N08924,F03,Z11
N08969,F03,R97
N08976,F03,RC5
S12650,F03,R24
S12651,F03,R24
S12652,F03,R24
S12653,F03,R24
S12654,F03,Z14
S12656,F03,R36
N07299,F03,Z11
N08994,F03,RC5
N08991,F03,Z11
N08992,F03,Z11
N08988,F03,Z11
N08989,F03,Z11
N00380                              ,F03,RC5
N08985,F03,Z11
N08983,F03,Z11
S12625,F03,R29
S12626,F03,R40
S12627,F03,R40
N08965,F03,Z11
S12621,F03,R40
S12622,F03,Z14
S12623,F03,R36
S12624,F03,R40
S12620,F03,Z14
N08949,F03,RC5
N08947,F03,R97
N08950,F03,RC5
N08943,F03,RC5
S12604,F03,R24
S12607,F03,R40
N08940,F03,R97
N08941,F03,R97
N08942,F03,R97
N08938,F03,Z11
N08936,F03,RC5
S12600,F03,R24
N08945,F03,Z11
N08974,F03,RC5
M00133,F03,Z18
M00355,F03,R59
M00472,F03,R34
M00473,F03,R34
M00483,F03,R34
M00486,F03,R34
M00488,F03,Z18
M00489,F03,Z18
M00492,F03,R34
M00495,F03,R34
M00496,F03,R34
M00497,F03,R34
M00498,F03,Z18
M00499,F03,R34
M00500,F03,R34
M00502,F03,Z18
M00503,F03,R34
M00506,F03,R34
M00507,F03,R34
M00508,F03,R34
M00509,F03,Z18
M00510,F03,Z18
M00511,F03,Z18
M00512,F03,Z18
M00513,F03,R34
M00514,F03,Z18
M00522,F03,R34
M00529,F03,Z18
M00531,F03,R34
M00534,F03,R34
M00535,F03,R34
M00540,F03,R34
M00680,F03,R34
M00982,F03,Z18
M00983,F03,R34
M01052,F03,Z18
M01067,F03,Z18
M01588,F03,Z18
M01681,F03,R34
M01891,F03,R34
M02191,F03,R34
M02212,F03,Z18
M02324,F03,Z18
M02341,F03,Z18
M02458,F03,R34
M02528,F03,Z18
M02651,F03,R34
M02652,F03,R34
M02653,F03,R34
M02654,F03,Z18
M02655,F03,R34
M02656,F03,Z18
M02657,F03,Z18
M02658,F03,Z18
M02659,F03,Z18
M02661,F03,Z18
M02662,F03,Z18
M02663,F03,Z18
M02665,F03,Z18
M02666,F03,Z18
M02667,F03,Z18
M02668,F03,R34
M02669,F03,R34
M02670,F03,R34
M02672,F03,Z18
M02673,F03,Z18
M02674,F03,R34
M02675,F03,Z18
M02676,F03,Z18
M02677,F03,Z18
M02678,F03,Z18
M02679,F03,R34
M02680,F03,R34
M02681,F03,R34
M02682,F03,Z18
M02683,F03,R34
M02690,F03,R34
M02691,F03,R34
M02692,F03,Z18
M02693,F03,R34
M02694,F03,R34
M02695,F03,R34
M02696,F03,R34
M02700,F03,R34
M02701,F03,R34
M02702,F03,R34
M02703,F03,R34
M02705,F03,R34
M02706,F03,R34
M02707,F03,R34
M02708,F03,R34
M02709,F03,R34
M02730,F03,Z18
M02732,F03,Z18
M02733,F03,Z18
M02734,F03,Z18
M02735,F03,Z18
M02736,F03,Z18
M02739,F03,Z18
M02740,F03,Z18
M02742,F03,Z18
M02744,F03,R34
M02745,F03,Z18
M02746,F03,Z18
M02748,F03,Z18
M02749,F03,Z18
M02750,F03,Z18
M02751,F03,Z18
M02752,F03,Z18
M02754,F03,Z18
M02755,F03,Z18
M02756,F03,Z18
M02757,F03,Z18
M02758,F03,Z18
M02759,F03,Z18
M02760,F03,Z18
M02761,F03,Z18
M02799,F03,R34
M02821,F03,R34
M02830,F03,Z18
M02831,F03,Z18
M02833,F03,Z18
M02836,F03,Z18
M02837,F03,Z18
M02838,F03,Z18
M02845,F03,Z18
M02870,F03,R34
M02891,F03,R34
M02899,F03,R34
M02901,F03,R34
M02917,F03,R34
M02967,F03,R34
M03036,F03,R34
M03037,F03,R34
M03038,F03,Z18
M03039,F03,R34
M03040,F03,R34
M03081,F03,Z18
M03117,F03,Z18
M03121,F03,Z18
M03189,F03,Z18
M03197,F03,R34
M03208,F03,R34
M03274,F03,R34
M03276,F03,R34
M03289,F03,Z18
M03379,F03,R34
M03401,F03,R34
M03403,F03,R34
M03425,F03,R34
M03426,F03,R34
M03439,F03,R34
M03507,F03,R34
M03524,F03,R34
M03544,F03,R34
M03557,F03,Z18
M03559,F03,Z18
M03565,F03,Z18
M03576,F03,R34
M03586,F03,R34
M03607,F03,Z18
M03629,F03,Z18
M03654,F03,R34
M03656,F03,Z18
M03668,F03,Z18
M03669,F03,Z18
M03672,F03,Z18
M03673,F03,R34
M03675,F03,R34
M03685,F03,R34
M03686,F03,Z18
M03687,F03,Z18
M03688,F03,Z18
M03749,F03,Z18
M03751,F03,R34
M03752,F03,Z18
M03753,F03,Z18
M03754,F03,Z18
M03755,F03,Z18
M03756,F03,Z18
M03757,F03,Z18
M03758,F03,Z18
M03759,F03,Z18
M03760,F03,Z18
M03768,F03,Z18
M03770,F03,R34
M03793,F03,R34
M03797,F03,R34
M03806,F03,Z18
M03807,F03,Z18
M03825,F03,R34
M03835,F03,Z18
M03836,F03,Z18
M03837,F03,R34
M03868,F03,R34
M03874,F03,R34
M03875,F03,R34
M03885,F03,Z18
M03886,F03,Z18
M03887,F03,Z18
M03903,F03,R34
M03933,F03,R34
M03962,F03,Z18
M03975,F03,R34
M03978,F03,R34
M03995,F03,Z18
M03999,F03,Z18
M04003,F03,R34
M04011,F03,Z18
M04024,F03,R34
M04026,F03,R34
M04031,F03,Z18
M04032,F03,Z18
M04033,F03,Z18
M04034,F03,Z18
M04035,F03,Z18
M04036,F03,Z18
M04037,F03,Z18
M04039,F03,R34
M04040,F03,R34
M04058,F03,Z18
M04070,F03,R34
M04071,F03,R34
M04072,F03,R34
M04073,F03,R34
M04074,F03,R34
M04107,F03,Z18
M04110,F03,R34
M04114,F03,R34
M04170,F03,R34
M04171,F03,R34
M04172,F03,R34
M04173,F03,R34
M04183,F03,Z18
M04184,F03,Z18
M04185,F03,Z18
M04186,F03,Z18
M04187,F03,Z18
M04188,F03,Z18
M04192,F03,R34
M04198,F03,R34
M04199,F03,R34
M04209,F03,Z18
M04210,F03,Z18
M04231,F03,R34
M04232,F03,R34
M04255,F03,Z18
M04260,F03,R34
M04261,F03,R34
M04262,F03,R34
M04266,F03,R34
M04277,F03,R34
M04300,F03,Z18
M04307,F03,R34
M04308,F03,R34
M04309,F03,R34
M04310,F03,R34
M04315,F03,R34
M04672,F03,R34
M04695,F03,Z18
M04696,F03,Z18
M04697,F03,Z18
M04700,F03,R34
M04701,F03,R34
M04702,F03,R34
M04712,F03,R34
M04713,F03,R34
M04714,F03,R34
M04715,F03,R34
M04721,F03,R34
M04722,F03,R34
M04723,F03,R34
M04724,F03,R34
M04725,F03,R34
M04727,F03,R34
M04734,F03,R34
M05179,F03,R34
M05180,F03,Z18
M05181,F03,R34
M20699,F03,R34
S07980,F03,R34
S08957,F03,R34
S09621,F03,Z18
S09683,F03,R34
S10260,F03,R34
S10261,F03,R34
S10268,F03,R34
M04341,F03,R34
M04342,F03,R34
M05212,F03,Z18
M05210,F03,Z18
M00045,F03,Z20
M00163,F03,RC2
M00164,F03,R68
M00166,F03,RC2
M00175,F03,R68
M00178,F03,R68
M00179,F03,RC2
M00181,F03,R68
M00184,F03,RC2
M00185,F03,RC2
M00187,F03,R68
M00188,F03,R68
M00189,F03,R68
M00190,F03,RC2
M00191,F03,RC2
M00201,F03,R68
M00202,F03,R68
M00204,F03,Z20
M00207,F03,RC2
M00210,F03,R68
M00211,F03,R68
M00214,F03,R68
M00217,F03,R68
M00219,F03,RC2
M00223,F03,R68
M00227,F03,RC2
M00231,F03,RC2
M00232,F03,RC2
M00233,F03,R68
M00238,F03,RC2
M00241,F03,RC2
M00245,F03,RC2
M00248,F03,Z20
M00254,F03,RC2
M00284,F03,RC2
M00288,F03,RC2
M00302,F03,R68
M00306,F03,R68
M00309,F03,R68
M00313,F03,RC2
M00318,F03,RC2
M00319,F03,Z20
M00420,F03,Z20
M00620,F03,RC2
M00621,F03,Z20
M00622,F03,Z20
M00624,F03,RC2
M00635,F03,R68
M00642,F03,R68
M00644,F03,Z20
M00671,F03,Z20
M00693,F03,RC2
M00742,F03,Z20
M00798,F03,Z20
M00845,F03,R68
M00850,F03,RC2
M00851,F03,Z20
M00852,F03,Z20
M00854,F03,Z20
M00855,F03,RC2
M00856,F03,RC2
M00867,F03,RC2
M00914,F03,R68
M00915,F03,Z20
M00916,F03,R68
M00935,F03,RC2
M00944,F03,R68
M00948,F03,Z20
M00952,F03,Z20
M00953,F03,R68
M00961,F03,R68
M00972,F03,R68
M01011,F03,RC2
M01028,F03,R68
M01063,F03,RC2
M01071,F03,RC2
M01075,F03,R68
M01109,F03,Z20
M01151,F03,Z20
M01155,F03,Z20
M01426,F03,RC2
M01445,F03,R68
M01474,F03,RC2
M01553,F03,Z20
M01555,F03,RC2
M01561,F03,RC2
M01593,F03,RC2
M01623,F03,RC2
M01631,F03,R68
M01654,F03,RC2
M01657,F03,Z20
M01853,F03,R68
M02284,F03,RC2
M02288,F03,Z20
M02332,F03,R68
M02391,F03,R68
M02456,F03,Z20
M02457,F03,Z20
M02470,F03,R68
M02487,F03,R68
M02489,F03,Z20
M02504,F03,R68
M02524,F03,RC2
M02525,F03,R68
M02551,F03,Z20
M02602,F03,RC2
M02612,F03,Z20
M02615,F03,RC2
M02619,F03,RC2
M02620,F03,RC2
M02685,F03,R68
M02713,F03,R68
M02847,F03,R68
M02892,F03,RC2
M03024,F03,RC2
M03034,F03,Z20
M03173,F03,R68
M03219,F03,Z20
M03225,F03,R68
M03233,F03,R68
M03240,F03,R68
M03246,F03,Z20
M03273,F03,R68
M03281,F03,R68
M03292,F03,Z20
M03337,F03,R68
M03359,F03,Z20
M03367,F03,RC2
M03391,F03,Z20
M03400,F03,RC2
M03430,F03,RC2
M03440,F03,RC2
M03469,F03,Z20
M03471,F03,RC2
M03473,F03,RC2
M03477,F03,R68
M03481,F03,RC2
M03482,F03,RC2
M03501,F03,Z20
M03502,F03,RC2
M03508,F03,RC2
M03509,F03,RC2
M03513,F03,RC2
M03515,F03,Z20
M03523,F03,R68
M03527,F03,R68
M03532,F03,Z20
M03536,F03,RC2
M03552,F03,R68
M03560,F03,Z20
M03575,F03,RC2
M03578,F03,Z20
M03585,F03,Z20
M03587,F03,Z20
M03596,F03,RC2
M03605,F03,RC2
M03614,F03,R68
M03619,F03,Z20
M03620,F03,R68
M03625,F03,R68
M03627,F03,Z20
M03628,F03,RC2
M03636,F03,R68
M03637,F03,R68
M03639,F03,RC2
M03640,F03,Z20
M03643,F03,R68
M03645,F03,Z20
M03649,F03,R68
M03652,F03,R68
M03665,F03,R68
M03671,F03,Z20
M03682,F03,Z20
M03689,F03,R68
M03692,F03,R68
M03714,F03,R68
M03722,F03,R68
M03730,F03,R68
M03731,F03,R68
M03736,F03,RC2
M03739,F03,Z20
M03740,F03,Z20
M03741,F03,R68
M03744,F03,R68
M03762,F03,RC2
M03765,F03,R68
M03766,F03,Z20
M03769,F03,RC2
M03771,F03,Z20
M03772,F03,Z20
M03789,F03,RC2
M03792,F03,RC2
M03794,F03,RC2
M03799,F03,Z20
M03801,F03,RC2
M03805,F03,Z20
M03819,F03,Z20
M03843,F03,Z20
M03859,F03,Z20
M03861,F03,RC2
M03864,F03,RC2
M03871,F03,Z20
M03880,F03,Z20
M03881,F03,RC2
M03883,F03,R68
M03884,F03,Z20
M03892,F03,R68
M03893,F03,RC2
M03895,F03,R68
M03901,F03,RC2
M03906,F03,R68
M03914,F03,Z20
M03915,F03,RC2
M03925,F03,Z20
M03943,F03,Z20
M03947,F03,Z20
M03958,F03,RC2
M03959,F03,Z20
M03960,F03,Z20
M03961,F03,R68
M03967,F03,Z20
M03970,F03,R68
M03974,F03,R68
M03976,F03,RC2
M03977,F03,RC2
M03996,F03,R68
M03997,F03,Z20
M04009,F03,R68
M04013,F03,R68
M04022,F03,Z20
M04061,F03,RC2
M04076,F03,RC2
M04083,F03,Z20
M04084,F03,Z20
M04087,F03,Z20
M04089,F03,R68
M04091,F03,RC2
M04092,F03,RC2
M04095,F03,R68
M04096,F03,R68
M04097,F03,R68
M04098,F03,R68
M04099,F03,RC2
M04101,F03,Z20
M04104,F03,Z20
M04116,F03,R68
M04117,F03,R68
M04118,F03,Z20
M04166,F03,RC2
M04167,F03,Z20
M04195,F03,Z20
M04196,F03,Z20
M04204,F03,R68
M04214,F03,R68
M04215,F03,RC2
M04221,F03,Z20
M04230,F03,R68
M04235,F03,R68
M04236,F03,R68
M04238,F03,Z20
M04239,F03,R68
M04281,F03,Z20
M04290,F03,Z20
M04295,F03,RC2
M04302,F03,R68
M04305,F03,R68
M04316,F03,Z20
M04327,F03,R68
M04328,F03,R68
M04329,F03,Z20
M04330,F03,Z20
M04339,F03,R68
M04344,F03,Z20
M04675,F03,Z20
M04686,F03,RC2
M04717,F03,R68
M05099,F03,Z20
M05100,F03,RC2
M05101,F03,RC2
M05182,F03,RC2
M05183,F03,RC2
M05184,F03,RC2
M05185,F03,RC2
M05186,F03,R68
M05194,F03,RC2
M05195,F03,RC2
M03270,F03,R94
M03905,F03,R60
N08338,F03,RC5
N08917,F03,RC5
S00119,F03,R44
S00120,F03,R44
S00122,F03,R44
S00125,F03,R44
S00129,F03,R44
S00130,F03,R44
S00145,F03,R44
S00150,F03,R44
S00153,F03,R44
S00163,F03,R44
S00180,F03,R44
S00183,F03,R44
S00200,F03,R44
S00203,F03,R44
S03770,F03,R44
S03771,F03,R44
S04968,F03,R44
S04969,F03,R44
S05029,F03,R44
S05276,F03,R44
S05301,F03,R44
S05302,F03,R44
S05377,F03,R44
S05379,F03,R44
S05380,F03,R44
S06229,F03,R44
S06230,F03,R44
S06231,F03,R44
S06398,F03,R44
S06602,F03,R44
S06619,F03,R44
S06677,F03,R44
S06705,F03,R44
S06781,F03,R44
S06808,F03,R44
S06900,F03,R44
S06928,F03,R44
S07012,F03,R44
S07382,F03,R44
S07528,F03,R44
S07612,F03,R44
S07620,F03,R44
S07623,F03,R44
S08104,F03,R44
S08153,F03,R44
S08199,F03,R44
S08282,F03,R44
S08492,F03,R44
S08871,F03,R44
S09072,F03,R44
S09073,F03,R44
S09196,F03,R44
S09403,F03,R44
S09412,F03,R44
S09415,F03,R44
S09416,F03,R44
S09417,F03,R44
S09421,F03,R44
S09520,F03,R44
S09539,F03,R44
S09714,F03,R44
S09716,F03,R44
S09857,F03,R44
S09868,F03,R44
S10004,F03,R44
S10221,F03,R44
S10236,F03,R44
S10408,F03,R44
S10518,F03,R44
S10624,F03,R44
S10754,F03,R44
S10890,F03,R44
S11097,F03,R44
S11198,F03,R44
S11243,F03,R44
S11309,F03,R44
S11337,F03,R44
S11383,F03,R44
S11570,F03,R44
S11631,F03,R44
S11800,F03,R44
S11894,F03,R44
SC1518,F03,R44
S00115,F03,Z17
S00116,F03,Z17
S00117,F03,Z17
S00121,F03,Z17
S00123,F03,Z17
S00124,F03,Z17
S00127,F03,Z17
S00131,F03,Z17
S00132,F03,Z17
S00135,F03,Z17
S00142,F03,Z17
S00143,F03,Z17
S00144,F03,Z17
S00156,F03,Z17
S00161,F03,Z17
S00169,F03,Z17
S00171,F03,Z17
S00174,F03,Z17
S00188,F03,Z17
S00195,F03,Z17
S00198,F03,Z17
S03750,F03,Z17
S05306,F03,Z17
S05307,F03,Z17
S05370,F03,Z17
S05375,F03,Z17
S05378,F03,Z17
S05605,F03,Z17
S05920,F03,Z17
S06219,F03,Z17
S06222,F03,Z17
S06256,F03,Z17
S06262,F03,Z17
S06263,F03,Z17
S06264,F03,Z17
S06323,F03,Z17
S06423,F03,Z17
S06490,F03,Z17
S06502,F03,Z17
S06503,F03,Z17
S06521,F03,Z17
S06563,F03,Z17
S06641,F03,Z17
S06774,F03,Z17
S06798,F03,Z17
S06799,F03,Z17
S06802,F03,Z17
S06804,F03,Z17
S06806,F03,Z17
S06820,F03,Z17
S06844,F03,Z17
S06927,F03,Z17
S07201,F03,Z17
S07411,F03,Z17
S07610,F03,Z17
S07895,F03,Z17
S08103,F03,Z17
S08119,F03,Z17
S08151,F03,Z17
S08202,F03,Z17
S08203,F03,Z17
S08206,F03,Z17
S08259,F03,Z17
S08404,F03,Z17
S08888,F03,Z17
S09011,F03,Z17
S09379,F03,Z17
S09385,F03,Z17
S09391,F03,Z17
S09722,F03,Z17
S09856,F03,Z17
S09953,F03,Z17
S09992,F03,Z17
S09994,F03,Z17
S10139,F03,Z17
S10156,F03,Z17
S10232,F03,Z17
S10362,F03,Z17
S10376,F03,Z17
S10479,F03,Z17
S10655,F03,Z17
S10753,F03,Z17
S10789,F03,Z17
S10816,F03,Z17
S10840,F03,Z17
S11060,F03,Z17
S11071,F03,Z17
S11081,F03,Z17
S11082,F03,Z17
S11107,F03,Z17
S11136,F03,Z17
S11199,F03,Z17
S11316,F03,Z17
S11361,F03,Z17
S11447,F03,Z17
S11543,F03,Z17
S11550,F03,Z17
S11562,F03,Z17
S11622,F03,Z17
S11627,F03,Z17
S11628,F03,Z17
S11660,F03,Z17
S11661,F03,Z17
S11748,F03,Z17
S11807,F03,Z17
S11888,F03,Z17
S11898,F03,Z17
S11930,F03,Z17
S11939,F03,Z17
S11976,F03,Z17
S12048,F03,Z17
S12049,F03,Z17
S09386,F03,R44
S12132,F03,Z17
C00066,F03,R98
C00219,F03,R98
C00291,F03,R98
C00322,F03,R45
C00323,F03,R98
C00324,F03,R45
C00326,F03,R45
C00327,F03,R45
C00329,F03,R98
C00332,F03,R98
C00333,F03,R45
C00334,F03,R98
C00336,F03,R45
C00337,F03,R98
C00338,F03,R98
C00339,F03,R45
C00343,F03,R98
C00344,F03,R45
C00345,F03,R45
C00347,F03,R98
C00350,F03,R45
C00352,F03,R98
C00355,F03,R98
C00356,F03,R45
C00357,F03,R98
C00358,F03,R45
C00359,F03,R98
C00361,F03,R45
C00366,F03,R98
C00368,F03,R45
C00369,F03,R45
C00371,F03,R98
C00372,F03,R45
C00374,F03,R45
C00376,F03,R45
C00378,F03,R98
C00380,F03,R45
C00381,F03,R98
C00383,F03,R45
C00384,F03,R98
C00386,F03,R45
C00387,F03,R98
C00391,F03,R45
C00393,F03,R45
C00394,F03,R98
C00395,F03,R45
C00400,F03,R45
C00402,F03,R98
C00403,F03,R45
C00404,F03,R45
C00407,F03,R98
C00410,F03,R45
C00413,F03,R98
C00419,F03,R98
C00421,F03,R98
C00423,F03,R45
C00427,F03,R45
C00428,F03,R45
C00433,F03,R98
C00531,F03,R98
C00535,F03,R45
C00537,F03,R98
C00538,F03,R98
C00546,F03,R98
C00663,F03,R98
C00687,F03,R98
C00709,F03,R98
C01008,F03,R45
C01016,F03,R45
C01036,F03,R98
C01048,F03,R45
C01062,F03,R98
C01067,F03,R98
C01073,F03,R98
C01085,F03,R45
C01101,F03,R45
C01121,F03,R45
C01133,F03,R98
C01159,F03,R45
C01236,F03,R98
C01237,F03,R45
C01248,F03,R98
C01279,F03,R98
C01436,F03,R45
C01439,F03,R98
C01442,F03,R98
C01445,F03,R98
C01452,F03,R98
C01470,F03,R45
C01471,F03,R45
C01472,F03,R45
C01488,F03,R98
C01507,F03,R98
C01516,F03,R98
C01517,F03,R98
C01546,F03,R98
C01547,F03,R98
C01548,F03,R45
C01549,F03,R45
C01553,F03,R45
C01554,F03,R45
C01556,F03,R45
C01561,F03,R45
C01567,F03,R45
C01572,F03,R45
C01573,F03,R45
C01574,F03,R45
C01575,F03,R98
C01576,F03,R45
C01577,F03,R45
C01584,F03,R45
C01588,F03,R98
C01592,F03,R98
C01593,F03,R98
C01610,F03,R45
C01611,F03,R98
C01629,F03,R98
C01630,F03,R98
C01631,F03,R98
C01676,F03,R45
C01683,F03,R45
C01684,F03,R98
C01687,F03,R98
C01697,F03,R45
C01698,F03,R45
C01701,F03,R98
C01702,F03,R98
C01703,F03,R45
C01704,F03,R45
C01705,F03,R45
C01707,F03,R45
C01708,F03,R45
C01709,F03,R45
C01710,F03,R45
C01711,F03,R98
C01712,F03,R98
C01713,F03,R45
C01714,F03,R45
C01720,F03,R45
C01721,F03,R45
C01722,F03,R45
C01723,F03,R45
C01724,F03,R45
C01725,F03,R45
C01726,F03,R45
C01731,F03,R45
C01732,F03,R45
C01733,F03,R98
C01734,F03,R45
C01735,F03,R45
C01736,F03,R45
C01738,F03,R98
C01740,F03,R98
C01741,F03,R98
C01742,F03,R45
C01743,F03,R98
C01744,F03,R98
C01745,F03,R98
C01746,F03,R98
C01747,F03,R45
C01748,F03,R98
C01751,F03,R98
C01752,F03,R98
C01772,F03,R98
C01777,F03,R45
C01852,F03,R98
C01853,F03,R98
C01911,F03,R98
C01916,F03,R98
C01923,F03,R98
C01936,F03,R45
C01938,F03,R45
C01980,F03,R45
C01982,F03,R45
C01984,F03,R45
C02019,F03,R45
C02020,F03,R98
C02043,F03,R98
C02045,F03,R45
C02046,F03,R45
C02067,F03,R98
C02075,F03,R98
C02099,F03,R45
C02105,F03,R98
C02110,F03,R98
C02137,F03,R45
C02152,F03,R98
C02154,F03,R45
C02180,F03,R45
C02186,F03,R98
C02187,F03,R45
C02205,F03,R45
C02213,F03,R98
C02217,F03,R98
C02222,F03,R98
C02238,F03,R45
C02240,F03,R45
C02250,F03,R45
C02257,F03,R45
C02263,F03,R98
C02268,F03,R98
C02269,F03,R98
C02270,F03,R45
C02274,F03,R45
C02278,F03,R45
C02279,F03,R98
C02282,F03,R98
C02283,F03,R98
C02284,F03,R98
C02285,F03,R98
C02327,F03,R45
C02333,F03,R45
C02336,F03,R98
C02340,F03,R98
C02349,F03,R98
C02350,F03,R98
C02362,F03,R98
C02366,F03,R98
C02371,F03,R98
C02385,F03,R45
C02464,F03,R45
C02503,F03,R98
C02504,F03,R98
CC0323,F03,R98
CC0334,F03,R98
CC0339,F03,R45
CC0368,F03,R45
CC0395,F03,R45
CC0404,F03,R45
CC0407,F03,R98
CC0410,F03,R45
CC0433,F03,R98
CC1073,F03,R98
CC1567,F03,R45
CC1577,F03,R45
CC1936,F03,R45
CC2213,F03,R98
CC2250,F03,R45
CC2257,F03,R45
CC2263,F03,R98
CC2340,F03,R98
CC2366,F03,R98
S09623,F03,R45
C02267,F03,R45
C02316,F03,R45
CC0369,F03,R45
CC1439,F03,R98
C02525,F03,R98
C02530,F03,R45
C02280,F03,R45
C02537,F03,R98
C02586,F03,R98
C02611,F03,R98
C02585,F03,R98
C02607,F03,R45
C02616,F03,R45
C02619,F03,R98
C02641,F03,R45
C02610,F03,R98
C02655,F03,R98
C02658,F03,R45
C02666,F03,R98
C02684,F03,R45
C02687,F03,R45
C02690,F03,R45
C02691,F03,R45
C02657,F03,R45
C02688,F03,R45
S10066,F03,Z10
S00843,F03,Z10
S00866,F03,Z10
S09781,F03,Z10
S03821,F03,Z10
S01169,F03,Z10
S01174,F03,Z10
S10783,F03,Z10
S01177,F03,Z10
S01181,F03,Z10
S10883,F03,Z10
S01259,F03,Z10
S01273,F03,Z10
S02261,F03,Z10
S00485,F03,Z10
S02559,F03,Z10
S05756,F03,Z10
S08491,F03,Z10
S09584,F03,Z10
S09365,F03,Z10
S08712,F03,Z10
S10607,F03,Z10
S01017,F03,RC6
S02174,F03,RC6
S02635,F03,RC6
S02947,F03,RC6
S04093,F03,RC6
S05265,F03,RC6
S08938,F03,RC6
S09002,F03,RC6
S09460,F03,RC6
S09518,F03,RC6
S10029,F03,RC6
S02128,F03,RC6
S10191,F03,RC6
S10369,F03,RC6
S01719,F03,RC6
S06345,F03,RC6
S08108,F03,RC6
S07074,F03,RC6
S04551,F03,RC6
S06373,F03,RC6
S01474,F03,RC6
S07215,F03,RC6
S07294,F03,RC6
S10254,F03,RC6
S09954,F03,RC6
S10447,F03,RC6
S01287,F03,R86
S00441,F03,R86
S09826,F03,R86
S09229,F03,R86
S05888,F03,R86
S09873,F03,R86
S07205,F03,R86
S09575,F03,R86
S10030,F03,R86
S10213,F03,R86
S06365,F03,R86
S10147,F03,R86
S00515,F03,R86
S00987,F03,R86
S01022,F03,R86
S07924,F03,Z10
S01506,F03,R86
S06506,F03,R86
S05749,F03,R86
S10882,F03,R86
S09061,F03,R86
S06571,F03,R86
S10732,F03,R86
S04162,F03,R86
S09699,F03,R86
S03803,F03,R86
S09320,F03,R86
S00383,F03,R96
S00654,F03,R96
S00663,F03,R96
S00708,F03,R96
S02683,F03,R96
S02739,F03,R96
S03806,F03,R96
S03877,F03,R96
S04950,F03,R96
S05809,F03,R96
S06394,F03,R96
S08909,F03,R96
S08910,F03,R96
S09318,F03,R96
S09901,F03,R96
S02428,F03,R96
S08945,F03,R96
S10338,F03,R96
S06367,F03,R96
S10404,F03,R96
S05429,F03,R96
S10514,F03,R96
S05585,F03,R96
S10495,F03,R96
S09610,F03,R96
S08023,F03,R96
S00647,F03,R50
S00659,F03,R50
S01006,F03,R50
S01008,F03,R50
S01810,F03,R50
S01938,F03,R50
S03106,F03,R50
S03972,F03,R50
S05101,F03,R50
S05102,F03,R50
S05211,F03,R50
S05248,F03,R50
S05514,F03,R50
S05804,F03,R50
S06396,F03,R50
S06400,F03,R50
S06588,F03,R50
S06665,F03,R50
S09594,F03,R50
S05093,F03,R50
S04769,F03,R50
S08812,F03,R50
S09943,F03,R50
S00514,F03,R50
S10508,F03,R50
S09986,F03,R50
S07061,F03,RC6
S10511,F03,R50
S07069,F03,Z22
S07864,F03,Z22
S08756,F03,Z22
S10034,F03,Z22
S09013,F03,Z22
S11158,F03,Z22
S05884,F03,Z22
S10054,F03,Z22
S02659,F03,RC6
S08675,F03,RC6
S09910,F03,Z22
S10182,F03,Z22
S10357,F03,Z22
S00305,F03,Z22
S05321,F03,Z22
S10729,F03,Z22
S07227,F03,Z22
S07827,F03,Z22
S08413,F03,Z22
S08595,F03,Z22
S09787,F03,Z22
S10098,F03,Z22
S09292,F03,Z22
S05841,F03,Z22
S00977,F03,Z22
S00992,F03,Z22
S08597,F03,Z22
S04011,F03,Z22
S08886,F03,Z22
S09215,F03,Z22
S10371,F03,Z22
S02279,F03,Z23
S09950,F03,Z23
S09955,F03,Z23
S10374,F03,Z23
S10456,F03,Z23
S10831,F03,Z23
S11155,F03,Z23
S00822,F03,Z23
S00838,F03,Z23
S00844,F03,Z23
S02263,F03,Z23
S04270,F03,Z23
S05889,F03,Z23
S05424,F03,Z23
S09231,F03,Z23
S05679,F03,Z23
S09712,F03,Z23
S02193,F03,Z23
S03840,F03,Z23
S04215,F03,Z23
S08799,F03,Z23
S09847,F03,Z23
S09932,F03,Z23
S10908,F03,Z23
S11887,F03,Z23
S09459,F03,Z23
S11573,F03,Z23
S03819,F03,R47
S00847,F03,R47
S00863,F03,R47
S01800,F03,R47
S01862,F03,R47
S02110,F03,R47
S03794,F03,R47
S05061,F03,R47
S05118,F03,R47
S06361,F03,R47
S06377,F03,R47
S06496,F03,R47
S06544,F03,R47
S06960,F03,R47
S08672,F03,R47
S09431,F03,R47
S09473,F03,R47
S09701,F03,R47
S09761,F03,R47
S10216,F03,R47
S10346,F03,R47
S10356,F03,R47
S10386,F03,R47
S10413,F03,R47
S10515,F03,R47
S10735,F03,R47
S10755,F03,R47
S00509,F03,R48
S00512,F03,R48
S00538,F03,R48
S00602,F03,R48
S00821,F03,R48
S00845,F03,R48
S00864,F03,R48
S01523,F03,R48
S01569,F03,R48
S01680,F03,R48
S03341,F03,R48
S03956,F03,R48
S04612,F03,R48
S05024,F03,R48
S05432,F03,R48
S07145,F03,R48
S07184,F03,R48
S07257,F03,R48
S08883,F03,R48
S08974,F03,R48
S09461,F03,R48
S10214,F03,R48
S10476,F03,R48
S10512,F03,R48
S11193,F03,R48
S11903,F03,R48
S02454,F03,R48
S00511,F03,R49
S00525,F03,R49
S00648,F03,R49
S00656,F03,R49
S00772,F03,R49
S00835,F03,R49
S00862,F03,R49
S01420,F03,R49
S01433,F03,R49
S01628,F03,R49
S02248,F03,R49
S02440,F03,R49
S03802,F03,R49
S03978,F03,R49
S05215,F03,R49
S07014,F03,R49
S07983,F03,R49
S08854,F03,R49
S08923,F03,R49
S09168,F03,R49
S11039,F03,R49
S11099,F03,R49
S00818,F03,R49
S00837,F03,R49
S10109,F03,R49
S12015,F03,R49
S01356,F03,R52
S03807,F03,R52
S05887,F03,R52
S00814,F03,R52
S00861,F03,R52
S01980,F03,R52
S03102,F03,R52
S04168,F03,R52
S04422,F03,R52
S06379,F03,R52
S07016,F03,R52
S07047,F03,R52
S07758,F03,R52
S07761,F03,R52
S07765,F03,R52
S08156,F03,R52
S08746,F03,R52
S08906,F03,R52
S08948,F03,R52
S08955,F03,R52
S08982,F03,R52
S09224,F03,R52
S09801,F03,R52
S09845,F03,R52
S10007,F03,R52
S10011,F03,R52
S10339,F03,R52
S10429,F03,R52
S00857,F03,R90
S03804,F03,R90
S04547,F03,R90
S07162,F03,R90
S10609,F03,R90
S00637,F03,R90
S00661,F03,R90
S00807,F03,R90
S00940,F03,R90
S00983,F03,R90
S01509,F03,R90
S02241,F03,R90
S05141,F03,R90
S05583,F03,R90
S06088,F03,R90
S06688,F03,R90
S07217,F03,R90
S08035,F03,R90
S08905,F03,R90
S09754,F03,R90
S09855,F03,R90
S09996,F03,R90
S10262,F03,R90
S10345,F03,R90
S10412,F03,R90
S10799,F03,R90
S11848,F03,R90
S11753,F03,R90
S00950,F03,R90
S01368,F03,R49
S01475,F03,R90
S07103,F03,R90
S08655,F03,R96
S08700,F03,R47
S08924,F03,R49
S09862,F03,R52
S10390,F03,R47
S10591,F03,R47
S11397,F03,R90
S08620,F03,Z10
S10442,F03,R86
S11255,F03,R86
N04373,F03,R91
N04395,F03,R91
S09668,F03,R50
S10348,F03,R52
S10436,F03,R48
S11521,F03,R90
S11613,F03,RC6
S11761,F03,R90
S11870,F03,Z10
S12130,F03,R50
S12162,F03,R47
S12543,F03,R52
S12545,F03,R90
S12565,F03,R50
S12573,F03,Z23
S12585,F03,R86
N00256,F03,R12
N00777,F03,R12
N00891,F03,R12
N01160,F03,R12
N02265,F03,R12
N02945,F03,R12
N03070,F03,R12
N03227,F03,R12
N03268,F03,R12
N04057,F03,R12
N05166,F03,R12
N05719,F03,R12
N05930,F03,R12
N06064,F03,R12
N07073,F03,R12
N07389,F03,R12
N07400,F03,R12
N07423,F03,R12
N08331,F03,R12
N00536,F03,R12
N03532,F03,R12
N00054,F03,R13
N00152,F03,R13
N00156,F03,R13
N00286,F03,R13
N00328,F03,R13
N00378,F03,R13
N00514,F03,R13
N00599,F03,R13
N00775,F03,R13
N00863,F03,R13
N00932,F03,R13
N01088,F03,R13
N01114,F03,R13
N01172,F03,R13
N01628,F03,R13
N01632,F03,R13
N02437,F03,R13
N02519,F03,R13
N02874,F03,R13
N03425,F03,R13
N03450,F03,R13
N03777,F03,R13
N03945,F03,R13
N04081,F03,R13
N04082,F03,R13
N04122,F03,R13
N04833,F03,R13
N04857,F03,R13
N05253,F03,R13
N05255,F03,R13
N05669,F03,R13
N05914,F03,R13
N05921,F03,R13
N06387,F03,R13
N07206,F03,R13
N07364,F03,R13
N07570,F03,R13
N07571,F03,R13
N07844,F03,R13
N07994,F03,R13
N08309,F03,R13
N08928,F03,R13
N08929,F03,R13
N08930,F03,R13
N08964,F03,R13
N00257,F03,R14
N00014,F03,R14
N00026,F03,R14
N00052,F03,R14
N00109,F03,R14
N00135,F03,R14
N00140,F03,R14
N00290,F03,R14
N00456,F03,R14
N00720,F03,R14
N00942,F03,R14
N01056,F03,R14
N02339,F03,R14
N03889,F03,R14
N06025,F03,R14
N06322,F03,R14
N07413,F03,R35
N07497,F03,R14
N08333,F03,R14
N03419,F03,R14
N03592,F03,R14
N04746,F03,R14
N05192,F03,R14
N06406,F03,R14
N07111,F03,R14
N08278,F03,R14
N00043,F03,R16
N00049,F03,R16
N00063,F03,R16
N00065,F03,R16
N00098,F03,R16
N00104,F03,R16
N00318,F03,R16
N00933,F03,R16
N01089,F03,R16
N01226,F03,R16
N01742,F03,R16
N02282,F03,R16
N03278,F03,R16
N03441,F03,R16
N04006,F03,R16
N05884,F03,R16
N07119,F03,R16
N07395,F03,R16
N07498,F03,R16
N07833,F03,R16
N08330,F03,R16
N08332,F03,R16
N08334,F03,R16
N08335,F03,R16
N08336,F03,R16
N05718,F03,R16
N00050,F03,R35
N00055,F03,R35
N00165,F03,R35
N00208,F03,R35
N00571,F03,R35
N00593,F03,R35
N00884,F03,R35
N02223,F03,R35
N02859,F03,R35
N03023,F03,R35
N03507,F03,R35
N03561,F03,R35
N03879,F03,R35
N03880,F03,R35
N03900,F03,R35
N04127,F03,R35
N04231,F03,R35
N04232,F03,R35
N04375,F03,R35
N04576,F03,R35
N04650,F03,R35
N04986,F03,R35
N04998,F03,R35
N05674,F03,R35
N05676,F03,R35
N05841,F03,R35
N05842,F03,R35
N05879,F03,R35
N06106,F03,R35
N06199,F03,R35
N06422,F03,R35
N06445,F03,R35
N07029,F03,R35
N07339,F03,R35
N07341,F03,R35
N07373,F03,R35
N07995,F03,R35
N08025,F03,R35
N08064,F03,R35
N08337,F03,R35
N08919,F03,R35
N08920,F03,R35
N08338,F03,R35
N08944,F03,R35
N00941,F03,R87
N03573,F03,R87
N04738,F03,R87
N05195,F03,R87
N08062,F03,R87
N08144,F03,R87
N05986,F03,R87
N06261,F03,R87
N03923,F03,R87
N00562,F03,R87
N05849,F03,R87
N07656,F03,R87
N00355,F03,R87
N01224,F03,R87
N02307,F03,R87
N02856,F03,R87
N02865,F03,R87
N03463,F03,R87
N03836,F03,R87
N03953,F03,R87
N04005,F03,R87
N04067,F03,R87
N04116,F03,R87
N04117,F03,R87
N04433,F03,R87
N04501,F03,R87
N04502,F03,R87
N04614,F03,R87
N04680,F03,R87
N05220,F03,R87
N05693,F03,R87
N05717,F03,R87
N05894,F03,R87
N05961,F03,R87
N06440,F03,R87
N06501,F03,R87
N07028,F03,R87
N07113,F03,R87
N07155,F03,R87
N07611,F03,R87
N06358,F03,R87
N00284,F03,R89
N00293,F03,R89
N00303,F03,R89
N00317,F03,R89
N00412,F03,R89
N00640,F03,R89
N00642,F03,R89
N00810,F03,R89
N01047,F03,R89
N01055,F03,R89
N01097,F03,R89
N01162,F03,R89
N01537,F03,R89
N01723,F03,R89
N02015,F03,R89
N02030,F03,R89
N02131,F03,R89
N02156,F03,R89
N02864,F03,R89
N02963,F03,R89
N03622,F03,R89
N03939,F03,R89
N03952,F03,R89
N03986,F03,R89
N03989,F03,R89
N04028,F03,R89
N04036,F03,R89
N04092,F03,R89
N04457,F03,R89
N04500,F03,R89
N04676,F03,R89
N04708,F03,R89
N04942,F03,R89
N05145,F03,R89
N05265,F03,R89
N05885,F03,R89
N06572,F03,R89
N07092,F03,R89
N07211,F03,R89
N07664,F03,R89
N07665,F03,R89
N08935,F03,R89
N08939,F03,R89
N00248,F03,R89
N07052,F03,R89
N00940,F03,Z12
N03835,F03,Z12
N00105,F03,Z12
N00150,F03,Z12
N00205,F03,Z12
N00234,F03,Z12
N00414,F03,Z12
N00513,F03,Z12
N00926,F03,Z12
N01017,F03,Z12
N01020,F03,Z12
N01028,F03,Z12
N01029,F03,Z12
N01043,F03,Z12
N01156,F03,Z12
N01158,F03,Z12
N01233,F03,Z12
N01925,F03,Z12
N02302,F03,Z12
N03151,F03,Z12
N03503,F03,Z12
N03511,F03,Z12
N03580,F03,Z12
N03680,F03,Z12
N03754,F03,Z12
N04131,F03,Z12
N04487,F03,Z12
N04491,F03,Z12
N04750,F03,Z12
N04887,F03,Z12
N04888,F03,Z12
N05799,F03,Z12
N05936,F03,Z12
N07409,F03,Z12
N07463,F03,Z12
N07649,F03,Z12
N07650,F03,Z12
N07819,F03,Z12
N08325,F03,Z12
N08326,F03,Z12
N08931,F03,Z12
N08932,F03,Z12
N08968,F03,Z12
N08970,F03,Z12
